subset,unit,cycle,lambda,parameter,theta_true_pct,theta_hat_pct
DS03,13,1,0.001,HPT_eff_mod,-0.0147047418538638,-0
DS03,13,2,0.001,HPT_eff_mod,0.00900637378901299,-0
DS03,13,3,0.001,HPT_eff_mod,0.00569836806484819,-0
DS03,13,4,0.001,HPT_eff_mod,0.00604821038784819,-0
DS03,13,5,0.001,HPT_eff_mod,-0.018303942060937,-0
DS03,13,6,0.001,HPT_eff_mod,0.00698133242719638,-0
DS03,13,7,0.001,HPT_eff_mod,-0.0241601339504382,-0
DS03,13,8,0.001,HPT_eff_mod,-0.0209220896380462,-0
DS03,13,9,0.001,HPT_eff_mod,0.000997083593210081,-0
DS03,13,10,0.001,HPT_eff_mod,-0.0264109517488553,-0
DS03,13,11,0.001,HPT_eff_mod,-0.00201793368174461,-0
DS03,13,12,0.001,HPT_eff_mod,-0.0368909386598398,-0
DS03,13,13,0.001,HPT_eff_mod,-0.0216615986774675,-0
DS03,13,14,0.001,HPT_eff_mod,-0.0280196252328129,-0
DS03,13,15,0.001,HPT_eff_mod,-0.0173712607138065,-0
DS03,13,16,0.001,HPT_eff_mod,-0.0101535361162588,-0
DS03,13,17,0.001,HPT_eff_mod,-0.0195849047586641,-0
DS03,13,18,0.001,HPT_eff_mod,-0.0253166411398631,-0
DS03,13,19,0.001,HPT_eff_mod,-0.0511151518156348,-0
DS03,13,20,0.001,HPT_eff_mod,-0.0295718399907249,-0
DS03,13,21,0.001,HPT_eff_mod,-0.0346271565355132,-0
DS03,13,22,0.001,HPT_eff_mod,-0.0448556074114059,-0
DS03,13,23,0.001,HPT_eff_mod,-0.0389581368487327,-0
DS03,13,24,0.001,HPT_eff_mod,-0.0332577138983749,-0
DS03,13,25,0.001,HPT_eff_mod,-0.031921526358989,-0
DS03,13,26,0.001,HPT_eff_mod,-0.0440119796655307,-0
DS03,13,27,0.001,HPT_eff_mod,-0.0396521475450058,-0
DS03,13,28,0.001,HPT_eff_mod,-0.0459285235905328,-0
DS03,13,29,0.001,HPT_eff_mod,-0.0547449423535588,-0
DS03,13,30,0.001,HPT_eff_mod,-0.0627844151037848,-0
DS03,13,31,0.001,HPT_eff_mod,-0.0713971585523208,-0
DS03,13,32,0.001,HPT_eff_mod,-0.0747140657696638,-0
DS03,13,33,0.001,HPT_eff_mod,-0.0794564364144498,-0
DS03,13,34,0.001,HPT_eff_mod,-0.0912502248417318,-0
DS03,13,35,0.001,HPT_eff_mod,-0.0884838048304898,-0
DS03,13,36,0.001,HPT_eff_mod,-0.0799782215997678,-0
DS03,13,37,0.001,HPT_eff_mod,-0.10200397629909,-0
DS03,13,38,0.001,HPT_eff_mod,-0.0868820593697818,-0
DS03,13,39,0.001,HPT_eff_mod,-0.0988862272228348,-0
DS03,13,40,0.001,HPT_eff_mod,-0.112274967663985,-0
DS03,13,41,0.001,HPT_eff_mod,-0.124435665574638,-0
DS03,13,42,0.001,HPT_eff_mod,-0.130228009576055,-0
DS03,13,43,0.001,HPT_eff_mod,-0.146050305891147,-0
DS03,13,44,0.001,HPT_eff_mod,-0.136021279798243,-0
DS03,13,45,0.001,HPT_eff_mod,-0.145653347521193,-0
DS03,13,46,0.001,HPT_eff_mod,-0.15102611535789,-0
DS03,13,47,0.001,HPT_eff_mod,-0.182001093708427,-0
DS03,13,48,0.001,HPT_eff_mod,-0.196191548796437,-0
DS03,13,49,0.001,HPT_eff_mod,-0.200992004579555,-0
DS03,13,50,0.001,HPT_eff_mod,-0.213736251819076,-0
DS03,13,51,0.001,HPT_eff_mod,-0.218596211755826,-0
DS03,13,52,0.001,HPT_eff_mod,-0.212043587201828,-0
DS03,13,53,0.001,HPT_eff_mod,-0.236419323756178,-0
DS03,13,54,0.001,HPT_eff_mod,-0.235633714006939,-0
DS03,13,55,0.001,HPT_eff_mod,-0.28343626863485,-0
DS03,13,56,0.001,HPT_eff_mod,-0.266157127866053,-0
DS03,13,57,0.001,HPT_eff_mod,-0.297762199437852,-0
DS03,13,58,0.001,HPT_eff_mod,-0.299192857005582,-0
DS03,13,59,0.001,HPT_eff_mod,-0.317472278285324,-0
DS03,13,60,0.001,HPT_eff_mod,-0.35178747334213,-0
DS03,13,61,0.001,HPT_eff_mod,-0.351092361285627,-0
DS03,13,62,0.001,HPT_eff_mod,-0.384080568990584,-0
DS03,13,63,0.001,HPT_eff_mod,-0.381294700052302,-0
DS03,13,64,0.001,HPT_eff_mod,-0.412340212621182,-0
DS03,13,65,0.001,HPT_eff_mod,-0.435080148910285,-0
DS03,13,66,0.001,HPT_eff_mod,-0.448347523216163,-0
DS03,13,67,0.001,HPT_eff_mod,-0.480000299736894,-0
DS03,13,68,0.001,HPT_eff_mod,-0.494377228150388,-0
DS03,13,69,0.001,HPT_eff_mod,-0.522106162650535,-0
DS03,13,70,0.001,HPT_eff_mod,-0.571388800884504,-0
DS03,13,71,0.001,HPT_eff_mod,-0.573192546761304,-0
DS03,13,72,0.001,HPT_eff_mod,-0.615041347728424,-0
DS03,13,73,0.001,HPT_eff_mod,-0.639326176648454,-0
DS03,13,74,0.001,HPT_eff_mod,-0.660054316297046,-0
DS03,13,75,0.001,HPT_eff_mod,-0.692467768233991,-0
DS03,13,76,0.001,HPT_eff_mod,-0.73424342047023,-0
DS03,13,77,0.001,HPT_eff_mod,-0.774981116563406,-0
DS03,13,1,0.001,fan_eff_mod,0,-0
DS03,13,2,0.001,fan_eff_mod,0,-0
DS03,13,3,0.001,fan_eff_mod,0,-0
DS03,13,4,0.001,fan_eff_mod,0,-0
DS03,13,5,0.001,fan_eff_mod,0,-0
DS03,13,6,0.001,fan_eff_mod,0,-0
DS03,13,7,0.001,fan_eff_mod,0,-0
DS03,13,8,0.001,fan_eff_mod,0,-0
DS03,13,9,0.001,fan_eff_mod,0,-0
DS03,13,10,0.001,fan_eff_mod,0,-0
DS03,13,11,0.001,fan_eff_mod,0,-0
DS03,13,12,0.001,fan_eff_mod,0,-0
DS03,13,13,0.001,fan_eff_mod,0,-0
DS03,13,14,0.001,fan_eff_mod,0,-0
DS03,13,15,0.001,fan_eff_mod,0,-0
DS03,13,16,0.001,fan_eff_mod,0,-0
DS03,13,17,0.001,fan_eff_mod,0,-0
DS03,13,18,0.001,fan_eff_mod,0,-0
DS03,13,19,0.001,fan_eff_mod,0,-0
DS03,13,20,0.001,fan_eff_mod,0,-0
DS03,13,21,0.001,fan_eff_mod,0,-0
DS03,13,22,0.001,fan_eff_mod,0,-0
DS03,13,23,0.001,fan_eff_mod,0,-0
DS03,13,24,0.001,fan_eff_mod,0,-0
DS03,13,25,0.001,fan_eff_mod,0,-0
DS03,13,26,0.001,fan_eff_mod,0,-0
DS03,13,27,0.001,fan_eff_mod,0,-0
DS03,13,28,0.001,fan_eff_mod,0,-0
DS03,13,29,0.001,fan_eff_mod,0,-0
DS03,13,30,0.001,fan_eff_mod,0,-0
DS03,13,31,0.001,fan_eff_mod,0,-0
DS03,13,32,0.001,fan_eff_mod,0,-0
DS03,13,33,0.001,fan_eff_mod,0,-0
DS03,13,34,0.001,fan_eff_mod,0,-0
DS03,13,35,0.001,fan_eff_mod,0,-0
DS03,13,36,0.001,fan_eff_mod,0,-0
DS03,13,37,0.001,fan_eff_mod,0,-0
DS03,13,38,0.001,fan_eff_mod,0,-0
DS03,13,39,0.001,fan_eff_mod,0,-0
DS03,13,40,0.001,fan_eff_mod,0,-0
DS03,13,41,0.001,fan_eff_mod,0,-0
DS03,13,42,0.001,fan_eff_mod,0,-0
DS03,13,43,0.001,fan_eff_mod,0,-0
DS03,13,44,0.001,fan_eff_mod,0,-0
DS03,13,45,0.001,fan_eff_mod,0,-0
DS03,13,46,0.001,fan_eff_mod,0,-0
DS03,13,47,0.001,fan_eff_mod,0,-0
DS03,13,48,0.001,fan_eff_mod,0,-0
DS03,13,49,0.001,fan_eff_mod,0,-0
DS03,13,50,0.001,fan_eff_mod,0,-0
DS03,13,51,0.001,fan_eff_mod,0,-0
DS03,13,52,0.001,fan_eff_mod,0,-0
DS03,13,53,0.001,fan_eff_mod,0,-0
DS03,13,54,0.001,fan_eff_mod,0,-0
DS03,13,55,0.001,fan_eff_mod,0,-0
DS03,13,56,0.001,fan_eff_mod,0,-0
DS03,13,57,0.001,fan_eff_mod,0,-0
DS03,13,58,0.001,fan_eff_mod,0,-0
DS03,13,59,0.001,fan_eff_mod,0,-0
DS03,13,60,0.001,fan_eff_mod,0,-0
DS03,13,61,0.001,fan_eff_mod,0,-0
DS03,13,62,0.001,fan_eff_mod,0,-0
DS03,13,63,0.001,fan_eff_mod,0,-0
DS03,13,64,0.001,fan_eff_mod,0,-0
DS03,13,65,0.001,fan_eff_mod,0,-0
DS03,13,66,0.001,fan_eff_mod,0,-0
DS03,13,67,0.001,fan_eff_mod,0,-0
DS03,13,68,0.001,fan_eff_mod,0,-0
DS03,13,69,0.001,fan_eff_mod,0,-0
DS03,13,70,0.001,fan_eff_mod,0,-0
DS03,13,71,0.001,fan_eff_mod,0,-0
DS03,13,72,0.001,fan_eff_mod,0,-0
DS03,13,73,0.001,fan_eff_mod,0,-0
DS03,13,74,0.001,fan_eff_mod,0,-0
DS03,13,75,0.001,fan_eff_mod,0,-0
DS03,13,76,0.001,fan_eff_mod,0,-0
DS03,13,77,0.001,fan_eff_mod,0,-0
DS03,13,1,0.001,fan_flow_mod,0,-0
DS03,13,2,0.001,fan_flow_mod,0,-0
DS03,13,3,0.001,fan_flow_mod,0,-0
DS03,13,4,0.001,fan_flow_mod,0,-0
DS03,13,5,0.001,fan_flow_mod,0,-0
DS03,13,6,0.001,fan_flow_mod,0,-0
DS03,13,7,0.001,fan_flow_mod,0,-0
DS03,13,8,0.001,fan_flow_mod,0,-0
DS03,13,9,0.001,fan_flow_mod,0,-0
DS03,13,10,0.001,fan_flow_mod,0,-0
DS03,13,11,0.001,fan_flow_mod,0,-0
DS03,13,12,0.001,fan_flow_mod,0,-0
DS03,13,13,0.001,fan_flow_mod,0,-0
DS03,13,14,0.001,fan_flow_mod,0,-0
DS03,13,15,0.001,fan_flow_mod,0,-0
DS03,13,16,0.001,fan_flow_mod,0,-0
DS03,13,17,0.001,fan_flow_mod,0,-0
DS03,13,18,0.001,fan_flow_mod,0,-0
DS03,13,19,0.001,fan_flow_mod,0,-0
DS03,13,20,0.001,fan_flow_mod,0,-0
DS03,13,21,0.001,fan_flow_mod,0,-0
DS03,13,22,0.001,fan_flow_mod,0,-0
DS03,13,23,0.001,fan_flow_mod,0,-0
DS03,13,24,0.001,fan_flow_mod,0,-0
DS03,13,25,0.001,fan_flow_mod,0,-0
DS03,13,26,0.001,fan_flow_mod,0,-0
DS03,13,27,0.001,fan_flow_mod,0,-0
DS03,13,28,0.001,fan_flow_mod,0,-0
DS03,13,29,0.001,fan_flow_mod,0,-0
DS03,13,30,0.001,fan_flow_mod,0,-0
DS03,13,31,0.001,fan_flow_mod,0,-0
DS03,13,32,0.001,fan_flow_mod,0,-0
DS03,13,33,0.001,fan_flow_mod,0,-0
DS03,13,34,0.001,fan_flow_mod,0,-0
DS03,13,35,0.001,fan_flow_mod,0,-0
DS03,13,36,0.001,fan_flow_mod,0,-0
DS03,13,37,0.001,fan_flow_mod,0,-0
DS03,13,38,0.001,fan_flow_mod,0,-0
DS03,13,39,0.001,fan_flow_mod,0,-0
DS03,13,40,0.001,fan_flow_mod,0,-0
DS03,13,41,0.001,fan_flow_mod,0,-0
DS03,13,42,0.001,fan_flow_mod,0,-0
DS03,13,43,0.001,fan_flow_mod,0,-0
DS03,13,44,0.001,fan_flow_mod,0,-0
DS03,13,45,0.001,fan_flow_mod,0,-0
DS03,13,46,0.001,fan_flow_mod,0,-0
DS03,13,47,0.001,fan_flow_mod,0,-0
DS03,13,48,0.001,fan_flow_mod,0,-0
DS03,13,49,0.001,fan_flow_mod,0,-0
DS03,13,50,0.001,fan_flow_mod,0,-0
DS03,13,51,0.001,fan_flow_mod,0,-0
DS03,13,52,0.001,fan_flow_mod,0,-0
DS03,13,53,0.001,fan_flow_mod,0,-0
DS03,13,54,0.001,fan_flow_mod,0,-0
DS03,13,55,0.001,fan_flow_mod,0,-0
DS03,13,56,0.001,fan_flow_mod,0,-0
DS03,13,57,0.001,fan_flow_mod,0,-0
DS03,13,58,0.001,fan_flow_mod,0,-0
DS03,13,59,0.001,fan_flow_mod,0,-0
DS03,13,60,0.001,fan_flow_mod,0,-0
DS03,13,61,0.001,fan_flow_mod,0,-0
DS03,13,62,0.001,fan_flow_mod,0,-0
DS03,13,63,0.001,fan_flow_mod,0,-0
DS03,13,64,0.001,fan_flow_mod,0,-0
DS03,13,65,0.001,fan_flow_mod,0,-0
DS03,13,66,0.001,fan_flow_mod,0,-0
DS03,13,67,0.001,fan_flow_mod,0,-0
DS03,13,68,0.001,fan_flow_mod,0,-0.00562487915579447
DS03,13,69,0.001,fan_flow_mod,0,-0.00562487915579447
DS03,13,70,0.001,fan_flow_mod,0,-0.00562487915579447
DS03,13,71,0.001,fan_flow_mod,0,-0.0194662307147766
DS03,13,72,0.001,fan_flow_mod,0,-0.0194662307147766
DS03,13,73,0.001,fan_flow_mod,0,-0.0194662307147766
DS03,13,74,0.001,fan_flow_mod,0,-0.0194662307147766
DS03,13,75,0.001,fan_flow_mod,0,-0.0194662307147766
DS03,13,76,0.001,fan_flow_mod,0,-0.0194662307147766
DS03,13,77,0.001,fan_flow_mod,0,-0.0194662307147766
DS03,13,1,0.001,HPC_eff_mod,0,-0
DS03,13,2,0.001,HPC_eff_mod,0,-0
DS03,13,3,0.001,HPC_eff_mod,0,-0
DS03,13,4,0.001,HPC_eff_mod,0,-0
DS03,13,5,0.001,HPC_eff_mod,0,-0
DS03,13,6,0.001,HPC_eff_mod,0,-0
DS03,13,7,0.001,HPC_eff_mod,0,-0
DS03,13,8,0.001,HPC_eff_mod,0,-0
DS03,13,9,0.001,HPC_eff_mod,0,-0
DS03,13,10,0.001,HPC_eff_mod,0,-0
DS03,13,11,0.001,HPC_eff_mod,0,-0
DS03,13,12,0.001,HPC_eff_mod,0,-0
DS03,13,13,0.001,HPC_eff_mod,0,-0
DS03,13,14,0.001,HPC_eff_mod,0,-0
DS03,13,15,0.001,HPC_eff_mod,0,-0
DS03,13,16,0.001,HPC_eff_mod,0,-0
DS03,13,17,0.001,HPC_eff_mod,0,-0
DS03,13,18,0.001,HPC_eff_mod,0,-0
DS03,13,19,0.001,HPC_eff_mod,0,-0
DS03,13,20,0.001,HPC_eff_mod,0,-0
DS03,13,21,0.001,HPC_eff_mod,0,-0
DS03,13,22,0.001,HPC_eff_mod,0,-0
DS03,13,23,0.001,HPC_eff_mod,0,-0
DS03,13,24,0.001,HPC_eff_mod,0,-0
DS03,13,25,0.001,HPC_eff_mod,0,-0
DS03,13,26,0.001,HPC_eff_mod,0,-0
DS03,13,27,0.001,HPC_eff_mod,0,-0
DS03,13,28,0.001,HPC_eff_mod,0,-0
DS03,13,29,0.001,HPC_eff_mod,0,-0
DS03,13,30,0.001,HPC_eff_mod,0,-0
DS03,13,31,0.001,HPC_eff_mod,0,-0
DS03,13,32,0.001,HPC_eff_mod,0,-0
DS03,13,33,0.001,HPC_eff_mod,0,-0
DS03,13,34,0.001,HPC_eff_mod,0,-0
DS03,13,35,0.001,HPC_eff_mod,0,-0
DS03,13,36,0.001,HPC_eff_mod,0,-0
DS03,13,37,0.001,HPC_eff_mod,0,-0
DS03,13,38,0.001,HPC_eff_mod,0,-0
DS03,13,39,0.001,HPC_eff_mod,0,-0
DS03,13,40,0.001,HPC_eff_mod,0,-0
DS03,13,41,0.001,HPC_eff_mod,0,-0
DS03,13,42,0.001,HPC_eff_mod,0,-0
DS03,13,43,0.001,HPC_eff_mod,0,-0
DS03,13,44,0.001,HPC_eff_mod,0,-0
DS03,13,45,0.001,HPC_eff_mod,0,-0
DS03,13,46,0.001,HPC_eff_mod,0,-0
DS03,13,47,0.001,HPC_eff_mod,0,-0
DS03,13,48,0.001,HPC_eff_mod,0,-0
DS03,13,49,0.001,HPC_eff_mod,0,-0
DS03,13,50,0.001,HPC_eff_mod,0,-0
DS03,13,51,0.001,HPC_eff_mod,0,-0
DS03,13,52,0.001,HPC_eff_mod,0,-0
DS03,13,53,0.001,HPC_eff_mod,0,-0
DS03,13,54,0.001,HPC_eff_mod,0,-0
DS03,13,55,0.001,HPC_eff_mod,0,-0
DS03,13,56,0.001,HPC_eff_mod,0,-0
DS03,13,57,0.001,HPC_eff_mod,0,-0
DS03,13,58,0.001,HPC_eff_mod,0,-0
DS03,13,59,0.001,HPC_eff_mod,0,-0
DS03,13,60,0.001,HPC_eff_mod,0,-0
DS03,13,61,0.001,HPC_eff_mod,0,-0
DS03,13,62,0.001,HPC_eff_mod,0,-0
DS03,13,63,0.001,HPC_eff_mod,0,-0
DS03,13,64,0.001,HPC_eff_mod,0,-0
DS03,13,65,0.001,HPC_eff_mod,0,-0
DS03,13,66,0.001,HPC_eff_mod,0,-0
DS03,13,67,0.001,HPC_eff_mod,0,-0
DS03,13,68,0.001,HPC_eff_mod,0,-0
DS03,13,69,0.001,HPC_eff_mod,0,-0
DS03,13,70,0.001,HPC_eff_mod,0,-0
DS03,13,71,0.001,HPC_eff_mod,0,-0
DS03,13,72,0.001,HPC_eff_mod,0,-0
DS03,13,73,0.001,HPC_eff_mod,0,-0
DS03,13,74,0.001,HPC_eff_mod,0,-0
DS03,13,75,0.001,HPC_eff_mod,0,-0
DS03,13,76,0.001,HPC_eff_mod,0,-0
DS03,13,77,0.001,HPC_eff_mod,0,-0
DS03,13,1,0.001,HPC_flow_mod,0,-0
DS03,13,2,0.001,HPC_flow_mod,0,-0
DS03,13,3,0.001,HPC_flow_mod,0,-0
DS03,13,4,0.001,HPC_flow_mod,0,-0
DS03,13,5,0.001,HPC_flow_mod,0,-0
DS03,13,6,0.001,HPC_flow_mod,0,-0
DS03,13,7,0.001,HPC_flow_mod,0,-0
DS03,13,8,0.001,HPC_flow_mod,0,-0
DS03,13,9,0.001,HPC_flow_mod,0,-0
DS03,13,10,0.001,HPC_flow_mod,0,-0
DS03,13,11,0.001,HPC_flow_mod,0,-0
DS03,13,12,0.001,HPC_flow_mod,0,-0
DS03,13,13,0.001,HPC_flow_mod,0,-0
DS03,13,14,0.001,HPC_flow_mod,0,-0
DS03,13,15,0.001,HPC_flow_mod,0,-0
DS03,13,16,0.001,HPC_flow_mod,0,-0
DS03,13,17,0.001,HPC_flow_mod,0,-0
DS03,13,18,0.001,HPC_flow_mod,0,-0
DS03,13,19,0.001,HPC_flow_mod,0,-0
DS03,13,20,0.001,HPC_flow_mod,0,-0
DS03,13,21,0.001,HPC_flow_mod,0,-0
DS03,13,22,0.001,HPC_flow_mod,0,-0
DS03,13,23,0.001,HPC_flow_mod,0,-0
DS03,13,24,0.001,HPC_flow_mod,0,-0
DS03,13,25,0.001,HPC_flow_mod,0,-0
DS03,13,26,0.001,HPC_flow_mod,0,-0
DS03,13,27,0.001,HPC_flow_mod,0,-0
DS03,13,28,0.001,HPC_flow_mod,0,-0
DS03,13,29,0.001,HPC_flow_mod,0,-0
DS03,13,30,0.001,HPC_flow_mod,0,-0
DS03,13,31,0.001,HPC_flow_mod,0,-0
DS03,13,32,0.001,HPC_flow_mod,0,-0
DS03,13,33,0.001,HPC_flow_mod,0,-0
DS03,13,34,0.001,HPC_flow_mod,0,-0
DS03,13,35,0.001,HPC_flow_mod,0,-0
DS03,13,36,0.001,HPC_flow_mod,0,-0
DS03,13,37,0.001,HPC_flow_mod,0,-0
DS03,13,38,0.001,HPC_flow_mod,0,-0
DS03,13,39,0.001,HPC_flow_mod,0,-0
DS03,13,40,0.001,HPC_flow_mod,0,-0
DS03,13,41,0.001,HPC_flow_mod,0,-0
DS03,13,42,0.001,HPC_flow_mod,0,-0
DS03,13,43,0.001,HPC_flow_mod,0,-0
DS03,13,44,0.001,HPC_flow_mod,0,-0
DS03,13,45,0.001,HPC_flow_mod,0,-0
DS03,13,46,0.001,HPC_flow_mod,0,-0
DS03,13,47,0.001,HPC_flow_mod,0,-0
DS03,13,48,0.001,HPC_flow_mod,0,-0
DS03,13,49,0.001,HPC_flow_mod,0,-0
DS03,13,50,0.001,HPC_flow_mod,0,-0
DS03,13,51,0.001,HPC_flow_mod,0,-0
DS03,13,52,0.001,HPC_flow_mod,0,-0
DS03,13,53,0.001,HPC_flow_mod,0,-0
DS03,13,54,0.001,HPC_flow_mod,0,-0
DS03,13,55,0.001,HPC_flow_mod,0,-0
DS03,13,56,0.001,HPC_flow_mod,0,-0
DS03,13,57,0.001,HPC_flow_mod,0,-0
DS03,13,58,0.001,HPC_flow_mod,0,-0
DS03,13,59,0.001,HPC_flow_mod,0,-0
DS03,13,60,0.001,HPC_flow_mod,0,-0
DS03,13,61,0.001,HPC_flow_mod,0,-0
DS03,13,62,0.001,HPC_flow_mod,0,-0
DS03,13,63,0.001,HPC_flow_mod,0,-0
DS03,13,64,0.001,HPC_flow_mod,0,-0
DS03,13,65,0.001,HPC_flow_mod,0,-0
DS03,13,66,0.001,HPC_flow_mod,0,-0
DS03,13,67,0.001,HPC_flow_mod,0,-0
DS03,13,68,0.001,HPC_flow_mod,0,-0
DS03,13,69,0.001,HPC_flow_mod,0,-0
DS03,13,70,0.001,HPC_flow_mod,0,-0
DS03,13,71,0.001,HPC_flow_mod,0,-0
DS03,13,72,0.001,HPC_flow_mod,0,-0
DS03,13,73,0.001,HPC_flow_mod,0,-0
DS03,13,74,0.001,HPC_flow_mod,0,-0
DS03,13,75,0.001,HPC_flow_mod,0,-0
DS03,13,76,0.001,HPC_flow_mod,0,-0
DS03,13,77,0.001,HPC_flow_mod,0,-0.00139191510794426
DS03,13,1,0.001,LPT_eff_mod,-0.002177481165287,-0
DS03,13,2,0.001,LPT_eff_mod,0.0083343905384309,-0
DS03,13,3,0.001,LPT_eff_mod,-0.0061569093731431,-0.00942642192694231
DS03,13,4,0.001,LPT_eff_mod,-0.0284481779679321,-0.00942642192694231
DS03,13,5,0.001,LPT_eff_mod,-0.0061494541100887,-0.00942642192694231
DS03,13,6,0.001,LPT_eff_mod,-0.0314959310015934,-0.0141830661729639
DS03,13,7,0.001,LPT_eff_mod,-0.0058838741776575,-0.0141830661729639
DS03,13,8,0.001,LPT_eff_mod,-0.0332829799429617,-0.0141830661729639
DS03,13,9,0.001,LPT_eff_mod,-0.00124956654957339,-0.039551716193464
DS03,13,10,0.001,LPT_eff_mod,-0.0043478166066835,-0.039551716193464
DS03,13,11,0.001,LPT_eff_mod,-0.0229932120056607,-0.039551716193464
DS03,13,12,0.001,LPT_eff_mod,-0.0447491917383065,-0.039551716193464
DS03,13,13,0.001,LPT_eff_mod,-0.0453965727527505,-0.039551716193464
DS03,13,14,0.001,LPT_eff_mod,-0.0320148101531758,-0.039551716193464
DS03,13,15,0.001,LPT_eff_mod,-0.0462548267310865,-0.039551716193464
DS03,13,16,0.001,LPT_eff_mod,-0.0290045283873191,-0.039551716193464
DS03,13,17,0.001,LPT_eff_mod,-0.0393695145788295,-0.0547226616544351
DS03,13,18,0.001,LPT_eff_mod,-0.0232340281632088,-0.0668628825966729
DS03,13,19,0.001,LPT_eff_mod,-0.0646539621626375,-0.0668628825966729
DS03,13,20,0.001,LPT_eff_mod,-0.0539451110768865,-0.0668628825966729
DS03,13,21,0.001,LPT_eff_mod,-0.0760535607313975,-0.0853941637375
DS03,13,22,0.001,LPT_eff_mod,-0.0553946329699865,-0.0853941637375
DS03,13,23,0.001,LPT_eff_mod,-0.0714157763458595,-0.0853941637375
DS03,13,24,0.001,LPT_eff_mod,-0.0741577366229395,-0.0853941637375
DS03,13,25,0.001,LPT_eff_mod,-0.0887616284866105,-0.0853941637375
DS03,13,26,0.001,LPT_eff_mod,-0.0982142280683335,-0.0853941637375
DS03,13,27,0.001,LPT_eff_mod,-0.102158969881293,-0.134021686252561
DS03,13,28,0.001,LPT_eff_mod,-0.103065631195519,-0.134021686252561
DS03,13,29,0.001,LPT_eff_mod,-0.105811806767607,-0.134021686252561
DS03,13,30,0.001,LPT_eff_mod,-0.112179520523434,-0.134021686252561
DS03,13,31,0.001,LPT_eff_mod,-0.114827700962218,-0.170644749569499
DS03,13,32,0.001,LPT_eff_mod,-0.119537291308321,-0.207379880767165
DS03,13,33,0.001,LPT_eff_mod,-0.144972777304834,-0.207379880767165
DS03,13,34,0.001,LPT_eff_mod,-0.167164730734683,-0.224924331469122
DS03,13,35,0.001,LPT_eff_mod,-0.171070034636664,-0.228858686352117
DS03,13,36,0.001,LPT_eff_mod,-0.17822552869857,-0.228858686352117
DS03,13,37,0.001,LPT_eff_mod,-0.184794456418505,-0.269701660260217
DS03,13,38,0.001,LPT_eff_mod,-0.183114476399233,-0.269701660260217
DS03,13,39,0.001,LPT_eff_mod,-0.213915924887307,-0.297133303360965
DS03,13,40,0.001,LPT_eff_mod,-0.207972982868639,-0.297133303360965
DS03,13,41,0.001,LPT_eff_mod,-0.238049507704161,-0.297133303360965
DS03,13,42,0.001,LPT_eff_mod,-0.23989413444665,-0.357565952027313
DS03,13,43,0.001,LPT_eff_mod,-0.279859671449229,-0.357565952027313
DS03,13,44,0.001,LPT_eff_mod,-0.304562580702393,-0.438412078452852
DS03,13,45,0.001,LPT_eff_mod,-0.288227950992988,-0.438412078452852
DS03,13,46,0.001,LPT_eff_mod,-0.330322945293252,-0.466026696336828
DS03,13,47,0.001,LPT_eff_mod,-0.322964354022989,-0.47090192125479
DS03,13,48,0.001,LPT_eff_mod,-0.363698449428941,-0.579343758164779
DS03,13,49,0.001,LPT_eff_mod,-0.394566537447987,-0.579511132047985
DS03,13,50,0.001,LPT_eff_mod,-0.412289293069821,-0.579511132047985
DS03,13,51,0.001,LPT_eff_mod,-0.430637513928793,-0.603954233882204
DS03,13,52,0.001,LPT_eff_mod,-0.450571107057751,-0.603954233882204
DS03,13,53,0.001,LPT_eff_mod,-0.481088269568977,-0.637326917696763
DS03,13,54,0.001,LPT_eff_mod,-0.526301939264853,-0.776538145311596
DS03,13,55,0.001,LPT_eff_mod,-0.528717945418172,-0.776538145311596
DS03,13,56,0.001,LPT_eff_mod,-0.599360886578067,-0.79916730882245
DS03,13,57,0.001,LPT_eff_mod,-0.611004311566742,-0.906231902636324
DS03,13,58,0.001,LPT_eff_mod,-0.659648562155183,-0.9605600440267
DS03,13,59,0.001,LPT_eff_mod,-0.71937555639846,-0.9605600440267
DS03,13,60,0.001,LPT_eff_mod,-0.759348498075407,-1.03217085187065
DS03,13,61,0.001,LPT_eff_mod,-0.808320710413902,-1.07359901265817
DS03,13,62,0.001,LPT_eff_mod,-0.859677283313996,-1.19635939129764
DS03,13,63,0.001,LPT_eff_mod,-0.926000776736272,-1.23260126192963
DS03,13,64,0.001,LPT_eff_mod,-0.951891853744744,-1.23260126192963
DS03,13,65,0.001,LPT_eff_mod,-1.02788796883862,-1.45893509243536
DS03,13,66,0.001,LPT_eff_mod,-1.08967603570535,-1.45893509243536
DS03,13,67,0.001,LPT_eff_mod,-1.15375306280724,-1.66014454159882
DS03,13,68,0.001,LPT_eff_mod,-1.22424354301456,-1.66014454159882
DS03,13,69,0.001,LPT_eff_mod,-1.30129254251947,-1.8230259983621
DS03,13,70,0.001,LPT_eff_mod,-1.3838478458588,-1.8962745034466
DS03,13,71,0.001,LPT_eff_mod,-1.47207603157283,-1.8962745034466
DS03,13,72,0.001,LPT_eff_mod,-1.57249601370962,-1.92416309145749
DS03,13,73,0.001,LPT_eff_mod,-1.65758647947706,-2.40438944927534
DS03,13,74,0.001,LPT_eff_mod,-1.77939555414599,-2.50950392059314
DS03,13,75,0.001,LPT_eff_mod,-1.90172556393517,-2.72531912388203
DS03,13,76,0.001,LPT_eff_mod,-2.01019033352595,-2.72531912388203
DS03,13,77,0.001,LPT_eff_mod,-2.13430592524594,-2.94654177731816
DS03,13,1,0.001,LPT_flow_mod,-0.00583373629774932,-0.000231999606241751
DS03,13,2,0.001,LPT_flow_mod,0.0113782083541085,-0.000231999606241751
DS03,13,3,0.001,LPT_flow_mod,-0.00554447205636142,-0.000231999606241751
DS03,13,4,0.001,LPT_flow_mod,-0.0143707645397315,-0.000231999606241751
DS03,13,5,0.001,LPT_flow_mod,-0.00529697050094111,-0.0071904167689454
DS03,13,6,0.001,LPT_flow_mod,-0.00416822778465252,-0.0071904167689454
DS03,13,7,0.001,LPT_flow_mod,-0.000435122402548712,-0.0374120608785914
DS03,13,8,0.001,LPT_flow_mod,-0.0209525987323811,-0.0406002602559194
DS03,13,9,0.001,LPT_flow_mod,-0.0212440246401466,-0.0406002602559194
DS03,13,10,0.001,LPT_flow_mod,-0.0109519462180656,-0.0663559449327549
DS03,13,11,0.001,LPT_flow_mod,-0.0325311184559162,-0.0663559449327549
DS03,13,12,0.001,LPT_flow_mod,-0.0331937324193791,-0.074083334954009
DS03,13,13,0.001,LPT_flow_mod,-0.00824084356979871,-0.074083334954009
DS03,13,14,0.001,LPT_flow_mod,-0.015312923026394,-0.074083334954009
DS03,13,15,0.001,LPT_flow_mod,-0.0303129486494709,-0.0776342582250545
DS03,13,16,0.001,LPT_flow_mod,-0.0470096243006098,-0.0921583681983119
DS03,13,17,0.001,LPT_flow_mod,-0.0108869808166023,-0.0921583681983119
DS03,13,18,0.001,LPT_flow_mod,-0.0424323829595938,-0.0921583681983119
DS03,13,19,0.001,LPT_flow_mod,-0.0542415831906138,-0.119849523383388
DS03,13,20,0.001,LPT_flow_mod,-0.0400086791054838,-0.119849523383388
DS03,13,21,0.001,LPT_flow_mod,-0.012456049598614,-0.119849523383388
DS03,13,22,0.001,LPT_flow_mod,-0.0559171972642848,-0.120735429150577
DS03,13,23,0.001,LPT_flow_mod,-0.036585647801371,-0.120735429150577
DS03,13,24,0.001,LPT_flow_mod,-0.0771420280650498,-0.147606471724957
DS03,13,25,0.001,LPT_flow_mod,-0.0576256659760118,-0.162349456274692
DS03,13,26,0.001,LPT_flow_mod,-0.0882937463864498,-0.162349456274692
DS03,13,27,0.001,LPT_flow_mod,-0.0736068518515338,-0.162349456274692
DS03,13,28,0.001,LPT_flow_mod,-0.0592223889384698,-0.162349456274692
DS03,13,29,0.001,LPT_flow_mod,-0.0971898420116578,-0.198772094489632
DS03,13,30,0.001,LPT_flow_mod,-0.0712085680910508,-0.203750061884149
DS03,13,31,0.001,LPT_flow_mod,-0.0671784309654678,-0.207369812878395
DS03,13,32,0.001,LPT_flow_mod,-0.0817856419566508,-0.211369020557867
DS03,13,33,0.001,LPT_flow_mod,-0.118535160214301,-0.257125623472606
DS03,13,34,0.001,LPT_flow_mod,-0.108262573642694,-0.257125623472606
DS03,13,35,0.001,LPT_flow_mod,-0.0808576522674268,-0.257125623472606
DS03,13,36,0.001,LPT_flow_mod,-0.0788630874108088,-0.257125623472606
DS03,13,37,0.001,LPT_flow_mod,-0.0750672591741988,-0.267649663536887
DS03,13,38,0.001,LPT_flow_mod,-0.106669746605588,-0.267649663536887
DS03,13,39,0.001,LPT_flow_mod,-0.0728116870975108,-0.267649663536887
DS03,13,40,0.001,LPT_flow_mod,-0.140813034632703,-0.367829640462425
DS03,13,41,0.001,LPT_flow_mod,-0.104209165248796,-0.367829640462425
DS03,13,42,0.001,LPT_flow_mod,-0.139632573593571,-0.405727963022305
DS03,13,43,0.001,LPT_flow_mod,-0.171114072606397,-0.452197452249259
DS03,13,44,0.001,LPT_flow_mod,-0.16321445200134,-0.452197452249259
DS03,13,45,0.001,LPT_flow_mod,-0.152882566413287,-0.470470651077069
DS03,13,46,0.001,LPT_flow_mod,-0.145048850097099,-0.470470651077069
DS03,13,47,0.001,LPT_flow_mod,-0.215057622155164,-0.533383793967055
DS03,13,48,0.001,LPT_flow_mod,-0.206191908166537,-0.599178578990279
DS03,13,49,0.001,LPT_flow_mod,-0.151547321552759,-0.599178578990279
DS03,13,50,0.001,LPT_flow_mod,-0.2546201709349,-0.657041738798397
DS03,13,51,0.001,LPT_flow_mod,-0.213003121696707,-0.657041738798397
DS03,13,52,0.001,LPT_flow_mod,-0.19932057036086,-0.657041738798397
DS03,13,53,0.001,LPT_flow_mod,-0.205299236860511,-0.694906536202198
DS03,13,54,0.001,LPT_flow_mod,-0.202059516035444,-0.694906536202198
DS03,13,55,0.001,LPT_flow_mod,-0.2764132593616,-0.797409020185159
DS03,13,56,0.001,LPT_flow_mod,-0.239949475213987,-0.797409020185159
DS03,13,57,0.001,LPT_flow_mod,-0.269312518325209,-0.896371140537898
DS03,13,58,0.001,LPT_flow_mod,-0.287672066117163,-0.896371140537898
DS03,13,59,0.001,LPT_flow_mod,-0.265378185589916,-0.896371140537898
DS03,13,60,0.001,LPT_flow_mod,-0.255786182643221,-0.903390457307063
DS03,13,61,0.001,LPT_flow_mod,-0.281276484094461,-1.00643343697406
DS03,13,62,0.001,LPT_flow_mod,-0.276941017194062,-1.06057946708232
DS03,13,63,0.001,LPT_flow_mod,-0.33398560314543,-1.08368888311997
DS03,13,64,0.001,LPT_flow_mod,-0.326054436948612,-1.11224678761051
DS03,13,65,0.001,LPT_flow_mod,-0.362974394261813,-1.26930267088041
DS03,13,66,0.001,LPT_flow_mod,-0.382968295462659,-1.26930267088041
DS03,13,67,0.001,LPT_flow_mod,-0.389194586628358,-1.3999263546921
DS03,13,68,0.001,LPT_flow_mod,-0.428616774958332,-1.4098774163321
DS03,13,69,0.001,LPT_flow_mod,-0.39506119169573,-1.49070678514674
DS03,13,70,0.001,LPT_flow_mod,-0.464301862690822,-1.57003422569493
DS03,13,71,0.001,LPT_flow_mod,-0.428003727809297,-1.57003422569493
DS03,13,72,0.001,LPT_flow_mod,-0.45576563419783,-1.64757261393599
DS03,13,73,0.001,LPT_flow_mod,-0.447113641921827,-1.79304081801053
DS03,13,74,0.001,LPT_flow_mod,-0.500886682220867,-1.87828564046097
DS03,13,75,0.001,LPT_flow_mod,-0.49982711699859,-1.9633948466388
DS03,13,76,0.001,LPT_flow_mod,-0.560008306996634,-2.05834500462984
DS03,13,77,0.001,LPT_flow_mod,-0.520398860615924,-2.12916495610233
DS03,13,1,0.001,LPC_eff_mod,0,-0
DS03,13,2,0.001,LPC_eff_mod,0,-0
DS03,13,3,0.001,LPC_eff_mod,0,-0
DS03,13,4,0.001,LPC_eff_mod,0,-0
DS03,13,5,0.001,LPC_eff_mod,0,-0
DS03,13,6,0.001,LPC_eff_mod,0,-0
DS03,13,7,0.001,LPC_eff_mod,0,-0
DS03,13,8,0.001,LPC_eff_mod,0,-0
DS03,13,9,0.001,LPC_eff_mod,0,-0
DS03,13,10,0.001,LPC_eff_mod,0,-0
DS03,13,11,0.001,LPC_eff_mod,0,-0
DS03,13,12,0.001,LPC_eff_mod,0,-0
DS03,13,13,0.001,LPC_eff_mod,0,-0
DS03,13,14,0.001,LPC_eff_mod,0,-0
DS03,13,15,0.001,LPC_eff_mod,0,-0
DS03,13,16,0.001,LPC_eff_mod,0,-0
DS03,13,17,0.001,LPC_eff_mod,0,-0
DS03,13,18,0.001,LPC_eff_mod,0,-0
DS03,13,19,0.001,LPC_eff_mod,0,-0
DS03,13,20,0.001,LPC_eff_mod,0,-0
DS03,13,21,0.001,LPC_eff_mod,0,-0
DS03,13,22,0.001,LPC_eff_mod,0,-0
DS03,13,23,0.001,LPC_eff_mod,0,-0
DS03,13,24,0.001,LPC_eff_mod,0,-0
DS03,13,25,0.001,LPC_eff_mod,0,-0
DS03,13,26,0.001,LPC_eff_mod,0,-0
DS03,13,27,0.001,LPC_eff_mod,0,-0
DS03,13,28,0.001,LPC_eff_mod,0,-0
DS03,13,29,0.001,LPC_eff_mod,0,-0
DS03,13,30,0.001,LPC_eff_mod,0,-0
DS03,13,31,0.001,LPC_eff_mod,0,-0
DS03,13,32,0.001,LPC_eff_mod,0,-0
DS03,13,33,0.001,LPC_eff_mod,0,-0
DS03,13,34,0.001,LPC_eff_mod,0,-0
DS03,13,35,0.001,LPC_eff_mod,0,-0
DS03,13,36,0.001,LPC_eff_mod,0,-0
DS03,13,37,0.001,LPC_eff_mod,0,-0
DS03,13,38,0.001,LPC_eff_mod,0,-0
DS03,13,39,0.001,LPC_eff_mod,0,-0
DS03,13,40,0.001,LPC_eff_mod,0,-0
DS03,13,41,0.001,LPC_eff_mod,0,-0
DS03,13,42,0.001,LPC_eff_mod,0,-0
DS03,13,43,0.001,LPC_eff_mod,0,-0
DS03,13,44,0.001,LPC_eff_mod,0,-0
DS03,13,45,0.001,LPC_eff_mod,0,-0.00653754619561439
DS03,13,46,0.001,LPC_eff_mod,0,-0.00653754619561439
DS03,13,47,0.001,LPC_eff_mod,0,-0.00653754619561439
DS03,13,48,0.001,LPC_eff_mod,0,-0.00653754619561439
DS03,13,49,0.001,LPC_eff_mod,0,-0.00653754619561439
DS03,13,50,0.001,LPC_eff_mod,0,-0.00653754619561439
DS03,13,51,0.001,LPC_eff_mod,0,-0.00653754619561439
DS03,13,52,0.001,LPC_eff_mod,0,-0.00653754619561439
DS03,13,53,0.001,LPC_eff_mod,0,-0.00653754619561439
DS03,13,54,0.001,LPC_eff_mod,0,-0.00653754619561439
DS03,13,55,0.001,LPC_eff_mod,0,-0.00653754619561439
DS03,13,56,0.001,LPC_eff_mod,0,-0.00653754619561439
DS03,13,57,0.001,LPC_eff_mod,0,-0.00653754619561439
DS03,13,58,0.001,LPC_eff_mod,0,-0.00653754619561439
DS03,13,59,0.001,LPC_eff_mod,0,-0.00653754619561439
DS03,13,60,0.001,LPC_eff_mod,0,-0.00653754619561439
DS03,13,61,0.001,LPC_eff_mod,0,-0.00653754619561439
DS03,13,62,0.001,LPC_eff_mod,0,-0.00653754619561439
DS03,13,63,0.001,LPC_eff_mod,0,-0.00653754619561439
DS03,13,64,0.001,LPC_eff_mod,0,-0.00653754619561439
DS03,13,65,0.001,LPC_eff_mod,0,-0.00653754619561439
DS03,13,66,0.001,LPC_eff_mod,0,-0.00653754619561439
DS03,13,67,0.001,LPC_eff_mod,0,-0.00653754619561439
DS03,13,68,0.001,LPC_eff_mod,0,-0.00653754619561439
DS03,13,69,0.001,LPC_eff_mod,0,-0.00653754619561439
DS03,13,70,0.001,LPC_eff_mod,0,-0.00653754619561439
DS03,13,71,0.001,LPC_eff_mod,0,-0.00653754619561439
DS03,13,72,0.001,LPC_eff_mod,0,-0.0211797446142546
DS03,13,73,0.001,LPC_eff_mod,0,-0.0402422379062913
DS03,13,74,0.001,LPC_eff_mod,0,-0.0437874441790838
DS03,13,75,0.001,LPC_eff_mod,0,-0.0574342635576726
DS03,13,76,0.001,LPC_eff_mod,0,-0.0574342635576726
DS03,13,77,0.001,LPC_eff_mod,0,-0.0574342635576726
DS03,13,1,0.001,LPC_flow_mod,0,-0
DS03,13,2,0.001,LPC_flow_mod,0,-0
DS03,13,3,0.001,LPC_flow_mod,0,-0
DS03,13,4,0.001,LPC_flow_mod,0,-0
DS03,13,5,0.001,LPC_flow_mod,0,-0
DS03,13,6,0.001,LPC_flow_mod,0,-0
DS03,13,7,0.001,LPC_flow_mod,0,-0
DS03,13,8,0.001,LPC_flow_mod,0,-0
DS03,13,9,0.001,LPC_flow_mod,0,-0
DS03,13,10,0.001,LPC_flow_mod,0,-0
DS03,13,11,0.001,LPC_flow_mod,0,-0
DS03,13,12,0.001,LPC_flow_mod,0,-0
DS03,13,13,0.001,LPC_flow_mod,0,-0
DS03,13,14,0.001,LPC_flow_mod,0,-0
DS03,13,15,0.001,LPC_flow_mod,0,-0
DS03,13,16,0.001,LPC_flow_mod,0,-0
DS03,13,17,0.001,LPC_flow_mod,0,-0
DS03,13,18,0.001,LPC_flow_mod,0,-0
DS03,13,19,0.001,LPC_flow_mod,0,-0
DS03,13,20,0.001,LPC_flow_mod,0,-0
DS03,13,21,0.001,LPC_flow_mod,0,-0
DS03,13,22,0.001,LPC_flow_mod,0,-0
DS03,13,23,0.001,LPC_flow_mod,0,-0
DS03,13,24,0.001,LPC_flow_mod,0,-0
DS03,13,25,0.001,LPC_flow_mod,0,-0
DS03,13,26,0.001,LPC_flow_mod,0,-0
DS03,13,27,0.001,LPC_flow_mod,0,-0
DS03,13,28,0.001,LPC_flow_mod,0,-0
DS03,13,29,0.001,LPC_flow_mod,0,-0
DS03,13,30,0.001,LPC_flow_mod,0,-0
DS03,13,31,0.001,LPC_flow_mod,0,-0
DS03,13,32,0.001,LPC_flow_mod,0,-0
DS03,13,33,0.001,LPC_flow_mod,0,-0
DS03,13,34,0.001,LPC_flow_mod,0,-0
DS03,13,35,0.001,LPC_flow_mod,0,-0
DS03,13,36,0.001,LPC_flow_mod,0,-0
DS03,13,37,0.001,LPC_flow_mod,0,-0
DS03,13,38,0.001,LPC_flow_mod,0,-0
DS03,13,39,0.001,LPC_flow_mod,0,-0
DS03,13,40,0.001,LPC_flow_mod,0,-0
DS03,13,41,0.001,LPC_flow_mod,0,-0
DS03,13,42,0.001,LPC_flow_mod,0,-0
DS03,13,43,0.001,LPC_flow_mod,0,-0
DS03,13,44,0.001,LPC_flow_mod,0,-0
DS03,13,45,0.001,LPC_flow_mod,0,-0
DS03,13,46,0.001,LPC_flow_mod,0,-0
DS03,13,47,0.001,LPC_flow_mod,0,-0
DS03,13,48,0.001,LPC_flow_mod,0,-0
DS03,13,49,0.001,LPC_flow_mod,0,-0
DS03,13,50,0.001,LPC_flow_mod,0,-0
DS03,13,51,0.001,LPC_flow_mod,0,-0
DS03,13,52,0.001,LPC_flow_mod,0,-0
DS03,13,53,0.001,LPC_flow_mod,0,-0
DS03,13,54,0.001,LPC_flow_mod,0,-0
DS03,13,55,0.001,LPC_flow_mod,0,-0
DS03,13,56,0.001,LPC_flow_mod,0,-0
DS03,13,57,0.001,LPC_flow_mod,0,-0
DS03,13,58,0.001,LPC_flow_mod,0,-0
DS03,13,59,0.001,LPC_flow_mod,0,-0
DS03,13,60,0.001,LPC_flow_mod,0,-0
DS03,13,61,0.001,LPC_flow_mod,0,-0
DS03,13,62,0.001,LPC_flow_mod,0,-0
DS03,13,63,0.001,LPC_flow_mod,0,-0
DS03,13,64,0.001,LPC_flow_mod,0,-0
DS03,13,65,0.001,LPC_flow_mod,0,-0
DS03,13,66,0.001,LPC_flow_mod,0,-0
DS03,13,67,0.001,LPC_flow_mod,0,-0
DS03,13,68,0.001,LPC_flow_mod,0,-0
DS03,13,69,0.001,LPC_flow_mod,0,-0
DS03,13,70,0.001,LPC_flow_mod,0,-0
DS03,13,71,0.001,LPC_flow_mod,0,-0.0288321989666975
DS03,13,72,0.001,LPC_flow_mod,0,-0.0288321989666975
DS03,13,73,0.001,LPC_flow_mod,0,-0.0288321989666975
DS03,13,74,0.001,LPC_flow_mod,0,-0.0288321989666975
DS03,13,75,0.001,LPC_flow_mod,0,-0.0288321989666975
DS03,13,76,0.001,LPC_flow_mod,0,-0.0288321989666975
DS03,13,77,0.001,LPC_flow_mod,0,-0.0288321989666975
DS03,13,1,31.6,HPT_eff_mod,-0.0147047418538638,-0
DS03,13,2,31.6,HPT_eff_mod,0.00900637378901299,-0
DS03,13,3,31.6,HPT_eff_mod,0.00569836806484819,-0
DS03,13,4,31.6,HPT_eff_mod,0.00604821038784819,-0.000708068800393212
DS03,13,5,31.6,HPT_eff_mod,-0.018303942060937,-0.000708068800393212
DS03,13,6,31.6,HPT_eff_mod,0.00698133242719638,-0.000708068800393212
DS03,13,7,31.6,HPT_eff_mod,-0.0241601339504382,-0.00696528517655726
DS03,13,8,31.6,HPT_eff_mod,-0.0209220896380462,-0.00696528517655726
DS03,13,9,31.6,HPT_eff_mod,0.000997083593210081,-0.00706130987285962
DS03,13,10,31.6,HPT_eff_mod,-0.0264109517488553,-0.0221001262040021
DS03,13,11,31.6,HPT_eff_mod,-0.00201793368174461,-0.0221001262040021
DS03,13,12,31.6,HPT_eff_mod,-0.0368909386598398,-0.0261362911021476
DS03,13,13,31.6,HPT_eff_mod,-0.0216615986774675,-0.0261362911021476
DS03,13,14,31.6,HPT_eff_mod,-0.0280196252328129,-0.0261362911021476
DS03,13,15,31.6,HPT_eff_mod,-0.0173712607138065,-0.0261362911021476
DS03,13,16,31.6,HPT_eff_mod,-0.0101535361162588,-0.0291624993662707
DS03,13,17,31.6,HPT_eff_mod,-0.0195849047586641,-0.0291624993662707
DS03,13,18,31.6,HPT_eff_mod,-0.0253166411398631,-0.032057456220197
DS03,13,19,31.6,HPT_eff_mod,-0.0511151518156348,-0.0400113830476483
DS03,13,20,31.6,HPT_eff_mod,-0.0295718399907249,-0.0400113830476483
DS03,13,21,31.6,HPT_eff_mod,-0.0346271565355132,-0.0400113830476483
DS03,13,22,31.6,HPT_eff_mod,-0.0448556074114059,-0.0466621836575567
DS03,13,23,31.6,HPT_eff_mod,-0.0389581368487327,-0.0466621836575567
DS03,13,24,31.6,HPT_eff_mod,-0.0332577138983749,-0.0466621836575567
DS03,13,25,31.6,HPT_eff_mod,-0.031921526358989,-0.0481896095143239
DS03,13,26,31.6,HPT_eff_mod,-0.0440119796655307,-0.0502383860365325
DS03,13,27,31.6,HPT_eff_mod,-0.0396521475450058,-0.0502383860365325
DS03,13,28,31.6,HPT_eff_mod,-0.0459285235905328,-0.0502383860365325
DS03,13,29,31.6,HPT_eff_mod,-0.0547449423535588,-0.0502383860365325
DS03,13,30,31.6,HPT_eff_mod,-0.0627844151037848,-0.0562859177727308
DS03,13,31,31.6,HPT_eff_mod,-0.0713971585523208,-0.0619787936788377
DS03,13,32,31.6,HPT_eff_mod,-0.0747140657696638,-0.0658454904901492
DS03,13,33,31.6,HPT_eff_mod,-0.0794564364144498,-0.0851507080241961
DS03,13,34,31.6,HPT_eff_mod,-0.0912502248417318,-0.0851507080241961
DS03,13,35,31.6,HPT_eff_mod,-0.0884838048304898,-0.0851507080241961
DS03,13,36,31.6,HPT_eff_mod,-0.0799782215997678,-0.0851507080241961
DS03,13,37,31.6,HPT_eff_mod,-0.10200397629909,-0.0939540035784716
DS03,13,38,31.6,HPT_eff_mod,-0.0868820593697818,-0.0939540035784716
DS03,13,39,31.6,HPT_eff_mod,-0.0988862272228348,-0.0972430342910196
DS03,13,40,31.6,HPT_eff_mod,-0.112274967663985,-0.0972430342910196
DS03,13,41,31.6,HPT_eff_mod,-0.124435665574638,-0.0972430342910196
DS03,13,42,31.6,HPT_eff_mod,-0.130228009576055,-0.127361208991825
DS03,13,43,31.6,HPT_eff_mod,-0.146050305891147,-0.135691467729846
DS03,13,44,31.6,HPT_eff_mod,-0.136021279798243,-0.137468718251463
DS03,13,45,31.6,HPT_eff_mod,-0.145653347521193,-0.148370018085888
DS03,13,46,31.6,HPT_eff_mod,-0.15102611535789,-0.148370018085888
DS03,13,47,31.6,HPT_eff_mod,-0.182001093708427,-0.175057109951693
DS03,13,48,31.6,HPT_eff_mod,-0.196191548796437,-0.210138556289784
DS03,13,49,31.6,HPT_eff_mod,-0.200992004579555,-0.210138556289784
DS03,13,50,31.6,HPT_eff_mod,-0.213736251819076,-0.22266906122601
DS03,13,51,31.6,HPT_eff_mod,-0.218596211755826,-0.22266906122601
DS03,13,52,31.6,HPT_eff_mod,-0.212043587201828,-0.22266906122601
DS03,13,53,31.6,HPT_eff_mod,-0.236419323756178,-0.246181660579884
DS03,13,54,31.6,HPT_eff_mod,-0.235633714006939,-0.246181660579884
DS03,13,55,31.6,HPT_eff_mod,-0.28343626863485,-0.246181660579884
DS03,13,56,31.6,HPT_eff_mod,-0.266157127866053,-0.246181660579884
DS03,13,57,31.6,HPT_eff_mod,-0.297762199437852,-0.294899600681335
DS03,13,58,31.6,HPT_eff_mod,-0.299192857005582,-0.294899600681335
DS03,13,59,31.6,HPT_eff_mod,-0.317472278285324,-0.294899600681335
DS03,13,60,31.6,HPT_eff_mod,-0.35178747334213,-0.298516090166949
DS03,13,61,31.6,HPT_eff_mod,-0.351092361285627,-0.344612309495958
DS03,13,62,31.6,HPT_eff_mod,-0.384080568990584,-0.370807043228972
DS03,13,63,31.6,HPT_eff_mod,-0.381294700052302,-0.382557486235543
DS03,13,64,31.6,HPT_eff_mod,-0.412340212621182,-0.382557486235543
DS03,13,65,31.6,HPT_eff_mod,-0.435080148910285,-0.442992570577872
DS03,13,66,31.6,HPT_eff_mod,-0.448347523216163,-0.442992570577872
DS03,13,67,31.6,HPT_eff_mod,-0.480000299736894,-0.488561080647267
DS03,13,68,31.6,HPT_eff_mod,-0.494377228150388,-0.488561080647267
DS03,13,69,31.6,HPT_eff_mod,-0.522106162650535,-0.525001826868489
DS03,13,70,31.6,HPT_eff_mod,-0.571388800884504,-0.562791914187385
DS03,13,71,31.6,HPT_eff_mod,-0.573192546761304,-0.562791914187385
DS03,13,72,31.6,HPT_eff_mod,-0.615041347728424,-0.574529902561319
DS03,13,73,31.6,HPT_eff_mod,-0.639326176648454,-0.644675569854983
DS03,13,74,31.6,HPT_eff_mod,-0.660054316297046,-0.684395077833935
DS03,13,75,31.6,HPT_eff_mod,-0.692467768233991,-0.727202502227374
DS03,13,76,31.6,HPT_eff_mod,-0.73424342047023,-0.727202502227374
DS03,13,77,31.6,HPT_eff_mod,-0.774981116563406,-0.760920443142397
DS03,13,1,31.6,fan_eff_mod,0,-0
DS03,13,2,31.6,fan_eff_mod,0,-0
DS03,13,3,31.6,fan_eff_mod,0,-0
DS03,13,4,31.6,fan_eff_mod,0,-0
DS03,13,5,31.6,fan_eff_mod,0,-0
DS03,13,6,31.6,fan_eff_mod,0,-0
DS03,13,7,31.6,fan_eff_mod,0,-0
DS03,13,8,31.6,fan_eff_mod,0,-0
DS03,13,9,31.6,fan_eff_mod,0,-0
DS03,13,10,31.6,fan_eff_mod,0,-0
DS03,13,11,31.6,fan_eff_mod,0,-0
DS03,13,12,31.6,fan_eff_mod,0,-0
DS03,13,13,31.6,fan_eff_mod,0,-0
DS03,13,14,31.6,fan_eff_mod,0,-0
DS03,13,15,31.6,fan_eff_mod,0,-0
DS03,13,16,31.6,fan_eff_mod,0,-0
DS03,13,17,31.6,fan_eff_mod,0,-0
DS03,13,18,31.6,fan_eff_mod,0,-0
DS03,13,19,31.6,fan_eff_mod,0,-0
DS03,13,20,31.6,fan_eff_mod,0,-0
DS03,13,21,31.6,fan_eff_mod,0,-0
DS03,13,22,31.6,fan_eff_mod,0,-0
DS03,13,23,31.6,fan_eff_mod,0,-0
DS03,13,24,31.6,fan_eff_mod,0,-0
DS03,13,25,31.6,fan_eff_mod,0,-0
DS03,13,26,31.6,fan_eff_mod,0,-0
DS03,13,27,31.6,fan_eff_mod,0,-0
DS03,13,28,31.6,fan_eff_mod,0,-0
DS03,13,29,31.6,fan_eff_mod,0,-0
DS03,13,30,31.6,fan_eff_mod,0,-0
DS03,13,31,31.6,fan_eff_mod,0,-0
DS03,13,32,31.6,fan_eff_mod,0,-0
DS03,13,33,31.6,fan_eff_mod,0,-0
DS03,13,34,31.6,fan_eff_mod,0,-0
DS03,13,35,31.6,fan_eff_mod,0,-0.00705681103889573
DS03,13,36,31.6,fan_eff_mod,0,-0.00705681103889573
DS03,13,37,31.6,fan_eff_mod,0,-0.00705681103889573
DS03,13,38,31.6,fan_eff_mod,0,-0.00705681103889573
DS03,13,39,31.6,fan_eff_mod,0,-0.0239041024959992
DS03,13,40,31.6,fan_eff_mod,0,-0.0239041024959992
DS03,13,41,31.6,fan_eff_mod,0,-0.0239041024959992
DS03,13,42,31.6,fan_eff_mod,0,-0.0239041024959992
DS03,13,43,31.6,fan_eff_mod,0,-0.0239041024959992
DS03,13,44,31.6,fan_eff_mod,0,-0.0239041024959992
DS03,13,45,31.6,fan_eff_mod,0,-0.0239041024959992
DS03,13,46,31.6,fan_eff_mod,0,-0.0239041024959992
DS03,13,47,31.6,fan_eff_mod,0,-0.0239041024959992
DS03,13,48,31.6,fan_eff_mod,0,-0.0239041024959992
DS03,13,49,31.6,fan_eff_mod,0,-0.0239041024959992
DS03,13,50,31.6,fan_eff_mod,0,-0.0239041024959992
DS03,13,51,31.6,fan_eff_mod,0,-0.0239041024959992
DS03,13,52,31.6,fan_eff_mod,0,-0.0239041024959992
DS03,13,53,31.6,fan_eff_mod,0,-0.0239041024959992
DS03,13,54,31.6,fan_eff_mod,0,-0.0291910271847222
DS03,13,55,31.6,fan_eff_mod,0,-0.0291910271847222
DS03,13,56,31.6,fan_eff_mod,0,-0.0564526892274426
DS03,13,57,31.6,fan_eff_mod,0,-0.0584456727403995
DS03,13,58,31.6,fan_eff_mod,0,-0.0584456727403995
DS03,13,59,31.6,fan_eff_mod,0,-0.0584456727403995
DS03,13,60,31.6,fan_eff_mod,0,-0.0584456727403995
DS03,13,61,31.6,fan_eff_mod,0,-0.0584456727403995
DS03,13,62,31.6,fan_eff_mod,0,-0.0654860049981428
DS03,13,63,31.6,fan_eff_mod,0,-0.0654860049981428
DS03,13,64,31.6,fan_eff_mod,0,-0.0654860049981428
DS03,13,65,31.6,fan_eff_mod,0,-0.0759801450171622
DS03,13,66,31.6,fan_eff_mod,0,-0.0759801450171622
DS03,13,67,31.6,fan_eff_mod,0,-0.107584731601621
DS03,13,68,31.6,fan_eff_mod,0,-0.107584731601621
DS03,13,69,31.6,fan_eff_mod,0,-0.107584731601621
DS03,13,70,31.6,fan_eff_mod,0,-0.130894574457731
DS03,13,71,31.6,fan_eff_mod,0,-0.130894574457731
DS03,13,72,31.6,fan_eff_mod,0,-0.150883926198081
DS03,13,73,31.6,fan_eff_mod,0,-0.162566790246468
DS03,13,74,31.6,fan_eff_mod,0,-0.208323659576919
DS03,13,75,31.6,fan_eff_mod,0,-0.208993023123594
DS03,13,76,31.6,fan_eff_mod,0,-0.208993023123594
DS03,13,77,31.6,fan_eff_mod,0,-0.217414300911462
DS03,13,1,31.6,fan_flow_mod,0,-0
DS03,13,2,31.6,fan_flow_mod,0,-0
DS03,13,3,31.6,fan_flow_mod,0,-0
DS03,13,4,31.6,fan_flow_mod,0,-0
DS03,13,5,31.6,fan_flow_mod,0,-0
DS03,13,6,31.6,fan_flow_mod,0,-0
DS03,13,7,31.6,fan_flow_mod,0,-0
DS03,13,8,31.6,fan_flow_mod,0,-0
DS03,13,9,31.6,fan_flow_mod,0,-0
DS03,13,10,31.6,fan_flow_mod,0,-0
DS03,13,11,31.6,fan_flow_mod,0,-0
DS03,13,12,31.6,fan_flow_mod,0,-0
DS03,13,13,31.6,fan_flow_mod,0,-0
DS03,13,14,31.6,fan_flow_mod,0,-0
DS03,13,15,31.6,fan_flow_mod,0,-0
DS03,13,16,31.6,fan_flow_mod,0,-0
DS03,13,17,31.6,fan_flow_mod,0,-0
DS03,13,18,31.6,fan_flow_mod,0,-0
DS03,13,19,31.6,fan_flow_mod,0,-0
DS03,13,20,31.6,fan_flow_mod,0,-0
DS03,13,21,31.6,fan_flow_mod,0,-0
DS03,13,22,31.6,fan_flow_mod,0,-0
DS03,13,23,31.6,fan_flow_mod,0,-0
DS03,13,24,31.6,fan_flow_mod,0,-0
DS03,13,25,31.6,fan_flow_mod,0,-0
DS03,13,26,31.6,fan_flow_mod,0,-0
DS03,13,27,31.6,fan_flow_mod,0,-0
DS03,13,28,31.6,fan_flow_mod,0,-0
DS03,13,29,31.6,fan_flow_mod,0,-0
DS03,13,30,31.6,fan_flow_mod,0,-0
DS03,13,31,31.6,fan_flow_mod,0,-0
DS03,13,32,31.6,fan_flow_mod,0,-0
DS03,13,33,31.6,fan_flow_mod,0,-0
DS03,13,34,31.6,fan_flow_mod,0,-0
DS03,13,35,31.6,fan_flow_mod,0,-0
DS03,13,36,31.6,fan_flow_mod,0,-0
DS03,13,37,31.6,fan_flow_mod,0,-0
DS03,13,38,31.6,fan_flow_mod,0,-0
DS03,13,39,31.6,fan_flow_mod,0,-0
DS03,13,40,31.6,fan_flow_mod,0,-0
DS03,13,41,31.6,fan_flow_mod,0,-0
DS03,13,42,31.6,fan_flow_mod,0,-0
DS03,13,43,31.6,fan_flow_mod,0,-0
DS03,13,44,31.6,fan_flow_mod,0,-0
DS03,13,45,31.6,fan_flow_mod,0,-0
DS03,13,46,31.6,fan_flow_mod,0,-0
DS03,13,47,31.6,fan_flow_mod,0,-0
DS03,13,48,31.6,fan_flow_mod,0,-0
DS03,13,49,31.6,fan_flow_mod,0,-0
DS03,13,50,31.6,fan_flow_mod,0,-0
DS03,13,51,31.6,fan_flow_mod,0,-0
DS03,13,52,31.6,fan_flow_mod,0,-0
DS03,13,53,31.6,fan_flow_mod,0,-0
DS03,13,54,31.6,fan_flow_mod,0,-0
DS03,13,55,31.6,fan_flow_mod,0,-0
DS03,13,56,31.6,fan_flow_mod,0,-0
DS03,13,57,31.6,fan_flow_mod,0,-0
DS03,13,58,31.6,fan_flow_mod,0,-0
DS03,13,59,31.6,fan_flow_mod,0,-0
DS03,13,60,31.6,fan_flow_mod,0,-0
DS03,13,61,31.6,fan_flow_mod,0,-0
DS03,13,62,31.6,fan_flow_mod,0,-0
DS03,13,63,31.6,fan_flow_mod,0,-0
DS03,13,64,31.6,fan_flow_mod,0,-0
DS03,13,65,31.6,fan_flow_mod,0,-0
DS03,13,66,31.6,fan_flow_mod,0,-0
DS03,13,67,31.6,fan_flow_mod,0,-0
DS03,13,68,31.6,fan_flow_mod,0,-0
DS03,13,69,31.6,fan_flow_mod,0,-0
DS03,13,70,31.6,fan_flow_mod,0,-0
DS03,13,71,31.6,fan_flow_mod,0,-0
DS03,13,72,31.6,fan_flow_mod,0,-0
DS03,13,73,31.6,fan_flow_mod,0,-0
DS03,13,74,31.6,fan_flow_mod,0,-0
DS03,13,75,31.6,fan_flow_mod,0,-0
DS03,13,76,31.6,fan_flow_mod,0,-0
DS03,13,77,31.6,fan_flow_mod,0,-0
DS03,13,1,31.6,HPC_eff_mod,0,-0
DS03,13,2,31.6,HPC_eff_mod,0,-0
DS03,13,3,31.6,HPC_eff_mod,0,-0
DS03,13,4,31.6,HPC_eff_mod,0,-0
DS03,13,5,31.6,HPC_eff_mod,0,-0
DS03,13,6,31.6,HPC_eff_mod,0,-0
DS03,13,7,31.6,HPC_eff_mod,0,-0
DS03,13,8,31.6,HPC_eff_mod,0,-0
DS03,13,9,31.6,HPC_eff_mod,0,-0
DS03,13,10,31.6,HPC_eff_mod,0,-0
DS03,13,11,31.6,HPC_eff_mod,0,-0
DS03,13,12,31.6,HPC_eff_mod,0,-0
DS03,13,13,31.6,HPC_eff_mod,0,-0
DS03,13,14,31.6,HPC_eff_mod,0,-0
DS03,13,15,31.6,HPC_eff_mod,0,-0
DS03,13,16,31.6,HPC_eff_mod,0,-0
DS03,13,17,31.6,HPC_eff_mod,0,-0
DS03,13,18,31.6,HPC_eff_mod,0,-0
DS03,13,19,31.6,HPC_eff_mod,0,-0
DS03,13,20,31.6,HPC_eff_mod,0,-0
DS03,13,21,31.6,HPC_eff_mod,0,-0
DS03,13,22,31.6,HPC_eff_mod,0,-0
DS03,13,23,31.6,HPC_eff_mod,0,-0
DS03,13,24,31.6,HPC_eff_mod,0,-0
DS03,13,25,31.6,HPC_eff_mod,0,-0
DS03,13,26,31.6,HPC_eff_mod,0,-0
DS03,13,27,31.6,HPC_eff_mod,0,-0
DS03,13,28,31.6,HPC_eff_mod,0,-0
DS03,13,29,31.6,HPC_eff_mod,0,-0
DS03,13,30,31.6,HPC_eff_mod,0,-0
DS03,13,31,31.6,HPC_eff_mod,0,-0
DS03,13,32,31.6,HPC_eff_mod,0,-0
DS03,13,33,31.6,HPC_eff_mod,0,-0
DS03,13,34,31.6,HPC_eff_mod,0,-0
DS03,13,35,31.6,HPC_eff_mod,0,-0
DS03,13,36,31.6,HPC_eff_mod,0,-0
DS03,13,37,31.6,HPC_eff_mod,0,-0
DS03,13,38,31.6,HPC_eff_mod,0,-0
DS03,13,39,31.6,HPC_eff_mod,0,-0
DS03,13,40,31.6,HPC_eff_mod,0,-0
DS03,13,41,31.6,HPC_eff_mod,0,-0
DS03,13,42,31.6,HPC_eff_mod,0,-0
DS03,13,43,31.6,HPC_eff_mod,0,-0
DS03,13,44,31.6,HPC_eff_mod,0,-0
DS03,13,45,31.6,HPC_eff_mod,0,-0
DS03,13,46,31.6,HPC_eff_mod,0,-0
DS03,13,47,31.6,HPC_eff_mod,0,-0
DS03,13,48,31.6,HPC_eff_mod,0,-0
DS03,13,49,31.6,HPC_eff_mod,0,-0
DS03,13,50,31.6,HPC_eff_mod,0,-0
DS03,13,51,31.6,HPC_eff_mod,0,-0
DS03,13,52,31.6,HPC_eff_mod,0,-0
DS03,13,53,31.6,HPC_eff_mod,0,-0
DS03,13,54,31.6,HPC_eff_mod,0,-0
DS03,13,55,31.6,HPC_eff_mod,0,-0
DS03,13,56,31.6,HPC_eff_mod,0,-0
DS03,13,57,31.6,HPC_eff_mod,0,-0.00477099140869497
DS03,13,58,31.6,HPC_eff_mod,0,-0.00477099140869497
DS03,13,59,31.6,HPC_eff_mod,0,-0.00477099140869497
DS03,13,60,31.6,HPC_eff_mod,0,-0.00477099140869497
DS03,13,61,31.6,HPC_eff_mod,0,-0.00477099140869497
DS03,13,62,31.6,HPC_eff_mod,0,-0.00477099140869497
DS03,13,63,31.6,HPC_eff_mod,0,-0.00477099140869497
DS03,13,64,31.6,HPC_eff_mod,0,-0.00477099140869497
DS03,13,65,31.6,HPC_eff_mod,0,-0.0130236468651159
DS03,13,66,31.6,HPC_eff_mod,0,-0.0130236468651159
DS03,13,67,31.6,HPC_eff_mod,0,-0.024508870132656
DS03,13,68,31.6,HPC_eff_mod,0,-0.024508870132656
DS03,13,69,31.6,HPC_eff_mod,0,-0.024508870132656
DS03,13,70,31.6,HPC_eff_mod,0,-0.0272668922622384
DS03,13,71,31.6,HPC_eff_mod,0,-0.0272668922622384
DS03,13,72,31.6,HPC_eff_mod,0,-0.0272668922622384
DS03,13,73,31.6,HPC_eff_mod,0,-0.0272668922622384
DS03,13,74,31.6,HPC_eff_mod,0,-0.0330001227034998
DS03,13,75,31.6,HPC_eff_mod,0,-0.0330001227034998
DS03,13,76,31.6,HPC_eff_mod,0,-0.0330001227034998
DS03,13,77,31.6,HPC_eff_mod,0,-0.0387158531295302
DS03,13,1,31.6,HPC_flow_mod,0,-0
DS03,13,2,31.6,HPC_flow_mod,0,-0
DS03,13,3,31.6,HPC_flow_mod,0,-0
DS03,13,4,31.6,HPC_flow_mod,0,-0
DS03,13,5,31.6,HPC_flow_mod,0,-0
DS03,13,6,31.6,HPC_flow_mod,0,-0
DS03,13,7,31.6,HPC_flow_mod,0,-0
DS03,13,8,31.6,HPC_flow_mod,0,-0
DS03,13,9,31.6,HPC_flow_mod,0,-0
DS03,13,10,31.6,HPC_flow_mod,0,-0
DS03,13,11,31.6,HPC_flow_mod,0,-0
DS03,13,12,31.6,HPC_flow_mod,0,-0
DS03,13,13,31.6,HPC_flow_mod,0,-0
DS03,13,14,31.6,HPC_flow_mod,0,-0
DS03,13,15,31.6,HPC_flow_mod,0,-0
DS03,13,16,31.6,HPC_flow_mod,0,-0
DS03,13,17,31.6,HPC_flow_mod,0,-0
DS03,13,18,31.6,HPC_flow_mod,0,-0
DS03,13,19,31.6,HPC_flow_mod,0,-0
DS03,13,20,31.6,HPC_flow_mod,0,-0
DS03,13,21,31.6,HPC_flow_mod,0,-0
DS03,13,22,31.6,HPC_flow_mod,0,-0
DS03,13,23,31.6,HPC_flow_mod,0,-0
DS03,13,24,31.6,HPC_flow_mod,0,-0
DS03,13,25,31.6,HPC_flow_mod,0,-0
DS03,13,26,31.6,HPC_flow_mod,0,-0
DS03,13,27,31.6,HPC_flow_mod,0,-0
DS03,13,28,31.6,HPC_flow_mod,0,-0
DS03,13,29,31.6,HPC_flow_mod,0,-0
DS03,13,30,31.6,HPC_flow_mod,0,-0
DS03,13,31,31.6,HPC_flow_mod,0,-0
DS03,13,32,31.6,HPC_flow_mod,0,-0
DS03,13,33,31.6,HPC_flow_mod,0,-0
DS03,13,34,31.6,HPC_flow_mod,0,-0
DS03,13,35,31.6,HPC_flow_mod,0,-0
DS03,13,36,31.6,HPC_flow_mod,0,-0
DS03,13,37,31.6,HPC_flow_mod,0,-0
DS03,13,38,31.6,HPC_flow_mod,0,-0
DS03,13,39,31.6,HPC_flow_mod,0,-0
DS03,13,40,31.6,HPC_flow_mod,0,-0
DS03,13,41,31.6,HPC_flow_mod,0,-0
DS03,13,42,31.6,HPC_flow_mod,0,-0
DS03,13,43,31.6,HPC_flow_mod,0,-0
DS03,13,44,31.6,HPC_flow_mod,0,-0
DS03,13,45,31.6,HPC_flow_mod,0,-0
DS03,13,46,31.6,HPC_flow_mod,0,-0
DS03,13,47,31.6,HPC_flow_mod,0,-0
DS03,13,48,31.6,HPC_flow_mod,0,-0
DS03,13,49,31.6,HPC_flow_mod,0,-0
DS03,13,50,31.6,HPC_flow_mod,0,-0
DS03,13,51,31.6,HPC_flow_mod,0,-0
DS03,13,52,31.6,HPC_flow_mod,0,-0
DS03,13,53,31.6,HPC_flow_mod,0,-0
DS03,13,54,31.6,HPC_flow_mod,0,-0
DS03,13,55,31.6,HPC_flow_mod,0,-0
DS03,13,56,31.6,HPC_flow_mod,0,-0
DS03,13,57,31.6,HPC_flow_mod,0,-0
DS03,13,58,31.6,HPC_flow_mod,0,-0
DS03,13,59,31.6,HPC_flow_mod,0,-0
DS03,13,60,31.6,HPC_flow_mod,0,-0
DS03,13,61,31.6,HPC_flow_mod,0,-0
DS03,13,62,31.6,HPC_flow_mod,0,-0
DS03,13,63,31.6,HPC_flow_mod,0,-0
DS03,13,64,31.6,HPC_flow_mod,0,-0
DS03,13,65,31.6,HPC_flow_mod,0,-0
DS03,13,66,31.6,HPC_flow_mod,0,-0
DS03,13,67,31.6,HPC_flow_mod,0,-0
DS03,13,68,31.6,HPC_flow_mod,0,-0
DS03,13,69,31.6,HPC_flow_mod,0,-0
DS03,13,70,31.6,HPC_flow_mod,0,-0
DS03,13,71,31.6,HPC_flow_mod,0,-0
DS03,13,72,31.6,HPC_flow_mod,0,-0
DS03,13,73,31.6,HPC_flow_mod,0,-0
DS03,13,74,31.6,HPC_flow_mod,0,-0
DS03,13,75,31.6,HPC_flow_mod,0,-0
DS03,13,76,31.6,HPC_flow_mod,0,-0
DS03,13,77,31.6,HPC_flow_mod,0,-0
DS03,13,1,31.6,LPT_eff_mod,-0.002177481165287,-0
DS03,13,2,31.6,LPT_eff_mod,0.0083343905384309,-0
DS03,13,3,31.6,LPT_eff_mod,-0.0061569093731431,-0.00879442861579966
DS03,13,4,31.6,LPT_eff_mod,-0.0284481779679321,-0.00879442861579966
DS03,13,5,31.6,LPT_eff_mod,-0.0061494541100887,-0.00879442861579966
DS03,13,6,31.6,LPT_eff_mod,-0.0314959310015934,-0.00882609248717368
DS03,13,7,31.6,LPT_eff_mod,-0.0058838741776575,-0.00882609248717368
DS03,13,8,31.6,LPT_eff_mod,-0.0332829799429617,-0.00882609248717368
DS03,13,9,31.6,LPT_eff_mod,-0.00124956654957339,-0.0173106045425443
DS03,13,10,31.6,LPT_eff_mod,-0.0043478166066835,-0.0173106045425443
DS03,13,11,31.6,LPT_eff_mod,-0.0229932120056607,-0.0173106045425443
DS03,13,12,31.6,LPT_eff_mod,-0.0447491917383065,-0.0173106045425443
DS03,13,13,31.6,LPT_eff_mod,-0.0453965727527505,-0.0173106045425443
DS03,13,14,31.6,LPT_eff_mod,-0.0320148101531758,-0.0173106045425443
DS03,13,15,31.6,LPT_eff_mod,-0.0462548267310865,-0.0173106045425443
DS03,13,16,31.6,LPT_eff_mod,-0.0290045283873191,-0.0173106045425443
DS03,13,17,31.6,LPT_eff_mod,-0.0393695145788295,-0.0260774868094706
DS03,13,18,31.6,LPT_eff_mod,-0.0232340281632088,-0.0303742834495015
DS03,13,19,31.6,LPT_eff_mod,-0.0646539621626375,-0.0303742834495015
DS03,13,20,31.6,LPT_eff_mod,-0.0539451110768865,-0.0303742834495015
DS03,13,21,31.6,LPT_eff_mod,-0.0760535607313975,-0.0407537267538979
DS03,13,22,31.6,LPT_eff_mod,-0.0553946329699865,-0.0407537267538979
DS03,13,23,31.6,LPT_eff_mod,-0.0714157763458595,-0.0407537267538979
DS03,13,24,31.6,LPT_eff_mod,-0.0741577366229395,-0.0407537267538979
DS03,13,25,31.6,LPT_eff_mod,-0.0887616284866105,-0.0407537267538979
DS03,13,26,31.6,LPT_eff_mod,-0.0982142280683335,-0.0407537267538979
DS03,13,27,31.6,LPT_eff_mod,-0.102158969881293,-0.0818902197944975
DS03,13,28,31.6,LPT_eff_mod,-0.103065631195519,-0.0818902197944975
DS03,13,29,31.6,LPT_eff_mod,-0.105811806767607,-0.0818902197944975
DS03,13,30,31.6,LPT_eff_mod,-0.112179520523434,-0.0818902197944975
DS03,13,31,31.6,LPT_eff_mod,-0.114827700962218,-0.109312143837011
DS03,13,32,31.6,LPT_eff_mod,-0.119537291308321,-0.133080707002849
DS03,13,33,31.6,LPT_eff_mod,-0.144972777304834,-0.133080707002849
DS03,13,34,31.6,LPT_eff_mod,-0.167164730734683,-0.139517750537047
DS03,13,35,31.6,LPT_eff_mod,-0.171070034636664,-0.139517750537047
DS03,13,36,31.6,LPT_eff_mod,-0.17822552869857,-0.139517750537047
DS03,13,37,31.6,LPT_eff_mod,-0.184794456418505,-0.172243951652642
DS03,13,38,31.6,LPT_eff_mod,-0.183114476399233,-0.172243951652642
DS03,13,39,31.6,LPT_eff_mod,-0.213915924887307,-0.18043030694413
DS03,13,40,31.6,LPT_eff_mod,-0.207972982868639,-0.18043030694413
DS03,13,41,31.6,LPT_eff_mod,-0.238049507704161,-0.18043030694413
DS03,13,42,31.6,LPT_eff_mod,-0.23989413444665,-0.209166152937037
DS03,13,43,31.6,LPT_eff_mod,-0.279859671449229,-0.209166152937037
DS03,13,44,31.6,LPT_eff_mod,-0.304562580702393,-0.27708923866476
DS03,13,45,31.6,LPT_eff_mod,-0.288227950992988,-0.27708923866476
DS03,13,46,31.6,LPT_eff_mod,-0.330322945293252,-0.289227798602673
DS03,13,47,31.6,LPT_eff_mod,-0.322964354022989,-0.289227798602673
DS03,13,48,31.6,LPT_eff_mod,-0.363698449428941,-0.349656781230443
DS03,13,49,31.6,LPT_eff_mod,-0.394566537447987,-0.349656781230443
DS03,13,50,31.6,LPT_eff_mod,-0.412289293069821,-0.349656781230443
DS03,13,51,31.6,LPT_eff_mod,-0.430637513928793,-0.364905103691343
DS03,13,52,31.6,LPT_eff_mod,-0.450571107057751,-0.364905103691343
DS03,13,53,31.6,LPT_eff_mod,-0.481088269568977,-0.378088464149794
DS03,13,54,31.6,LPT_eff_mod,-0.526301939264853,-0.507980253885917
DS03,13,55,31.6,LPT_eff_mod,-0.528717945418172,-0.507980253885917
DS03,13,56,31.6,LPT_eff_mod,-0.599360886578067,-0.507980253885917
DS03,13,57,31.6,LPT_eff_mod,-0.611004311566742,-0.562788053430553
DS03,13,58,31.6,LPT_eff_mod,-0.659648562155183,-0.615962769889099
DS03,13,59,31.6,LPT_eff_mod,-0.71937555639846,-0.615962769889099
DS03,13,60,31.6,LPT_eff_mod,-0.759348498075407,-0.681556795948682
DS03,13,61,31.6,LPT_eff_mod,-0.808320710413902,-0.681556795948682
DS03,13,62,31.6,LPT_eff_mod,-0.859677283313996,-0.770609508623697
DS03,13,63,31.6,LPT_eff_mod,-0.926000776736272,-0.795456274405145
DS03,13,64,31.6,LPT_eff_mod,-0.951891853744744,-0.795456274405145
DS03,13,65,31.6,LPT_eff_mod,-1.02788796883862,-0.945714138276493
DS03,13,66,31.6,LPT_eff_mod,-1.08967603570535,-0.945714138276493
DS03,13,67,31.6,LPT_eff_mod,-1.15375306280724,-1.06218846460163
DS03,13,68,31.6,LPT_eff_mod,-1.22424354301456,-1.06218846460163
DS03,13,69,31.6,LPT_eff_mod,-1.30129254251947,-1.18437683507946
DS03,13,70,31.6,LPT_eff_mod,-1.3838478458588,-1.19031316871647
DS03,13,71,31.6,LPT_eff_mod,-1.47207603157283,-1.19031316871647
DS03,13,72,31.6,LPT_eff_mod,-1.57249601370962,-1.19031316871647
DS03,13,73,31.6,LPT_eff_mod,-1.65758647947706,-1.58367376245265
DS03,13,74,31.6,LPT_eff_mod,-1.77939555414599,-1.60863502366204
DS03,13,75,31.6,LPT_eff_mod,-1.90172556393517,-1.78094814984431
DS03,13,76,31.6,LPT_eff_mod,-2.01019033352595,-1.78094814984431
DS03,13,77,31.6,LPT_eff_mod,-2.13430592524594,-1.95534340177296
DS03,13,1,31.6,LPT_flow_mod,-0.00583373629774932,-0
DS03,13,2,31.6,LPT_flow_mod,0.0113782083541085,-0
DS03,13,3,31.6,LPT_flow_mod,-0.00554447205636142,-0
DS03,13,4,31.6,LPT_flow_mod,-0.0143707645397315,-0
DS03,13,5,31.6,LPT_flow_mod,-0.00529697050094111,-0.00474033460800842
DS03,13,6,31.6,LPT_flow_mod,-0.00416822778465252,-0.00474033460800842
DS03,13,7,31.6,LPT_flow_mod,-0.000435122402548712,-0.0205717549686055
DS03,13,8,31.6,LPT_flow_mod,-0.0209525987323811,-0.0205717549686055
DS03,13,9,31.6,LPT_flow_mod,-0.0212440246401466,-0.0205717549686055
DS03,13,10,31.6,LPT_flow_mod,-0.0109519462180656,-0.0205717549686055
DS03,13,11,31.6,LPT_flow_mod,-0.0325311184559162,-0.0205717549686055
DS03,13,12,31.6,LPT_flow_mod,-0.0331937324193791,-0.0205717549686055
DS03,13,13,31.6,LPT_flow_mod,-0.00824084356979871,-0.0205717549686055
DS03,13,14,31.6,LPT_flow_mod,-0.015312923026394,-0.0205717549686055
DS03,13,15,31.6,LPT_flow_mod,-0.0303129486494709,-0.0230183616580089
DS03,13,16,31.6,LPT_flow_mod,-0.0470096243006098,-0.0279870934620624
DS03,13,17,31.6,LPT_flow_mod,-0.0108869808166023,-0.0279870934620624
DS03,13,18,31.6,LPT_flow_mod,-0.0424323829595938,-0.0279870934620624
DS03,13,19,31.6,LPT_flow_mod,-0.0542415831906138,-0.0297075805094859
DS03,13,20,31.6,LPT_flow_mod,-0.0400086791054838,-0.0297075805094859
DS03,13,21,31.6,LPT_flow_mod,-0.012456049598614,-0.0297075805094859
DS03,13,22,31.6,LPT_flow_mod,-0.0559171972642848,-0.0297075805094859
DS03,13,23,31.6,LPT_flow_mod,-0.036585647801371,-0.0297075805094859
DS03,13,24,31.6,LPT_flow_mod,-0.0771420280650498,-0.0481598707003318
DS03,13,25,31.6,LPT_flow_mod,-0.0576256659760118,-0.0559028237862205
DS03,13,26,31.6,LPT_flow_mod,-0.0882937463864498,-0.0559028237862205
DS03,13,27,31.6,LPT_flow_mod,-0.0736068518515338,-0.0559028237862205
DS03,13,28,31.6,LPT_flow_mod,-0.0592223889384698,-0.0559028237862205
DS03,13,29,31.6,LPT_flow_mod,-0.0971898420116578,-0.0746161443997405
DS03,13,30,31.6,LPT_flow_mod,-0.0712085680910508,-0.0746161443997405
DS03,13,31,31.6,LPT_flow_mod,-0.0671784309654678,-0.0746161443997405
DS03,13,32,31.6,LPT_flow_mod,-0.0817856419566508,-0.0746161443997405
DS03,13,33,31.6,LPT_flow_mod,-0.118535160214301,-0.0746161443997405
DS03,13,34,31.6,LPT_flow_mod,-0.108262573642694,-0.0746161443997405
DS03,13,35,31.6,LPT_flow_mod,-0.0808576522674268,-0.0746161443997405
DS03,13,36,31.6,LPT_flow_mod,-0.0788630874108088,-0.0746161443997405
DS03,13,37,31.6,LPT_flow_mod,-0.0750672591741988,-0.0746161443997405
DS03,13,38,31.6,LPT_flow_mod,-0.106669746605588,-0.0746161443997405
DS03,13,39,31.6,LPT_flow_mod,-0.0728116870975108,-0.0746161443997405
DS03,13,40,31.6,LPT_flow_mod,-0.140813034632703,-0.151226861128563
DS03,13,41,31.6,LPT_flow_mod,-0.104209165248796,-0.151226861128563
DS03,13,42,31.6,LPT_flow_mod,-0.139632573593571,-0.151226861128563
DS03,13,43,31.6,LPT_flow_mod,-0.171114072606397,-0.157967783694447
DS03,13,44,31.6,LPT_flow_mod,-0.16321445200134,-0.157967783694447
DS03,13,45,31.6,LPT_flow_mod,-0.152882566413287,-0.157967783694447
DS03,13,46,31.6,LPT_flow_mod,-0.145048850097099,-0.157967783694447
DS03,13,47,31.6,LPT_flow_mod,-0.215057622155164,-0.157967783694447
DS03,13,48,31.6,LPT_flow_mod,-0.206191908166537,-0.157967783694447
DS03,13,49,31.6,LPT_flow_mod,-0.151547321552759,-0.157967783694447
DS03,13,50,31.6,LPT_flow_mod,-0.2546201709349,-0.181592120614429
DS03,13,51,31.6,LPT_flow_mod,-0.213003121696707,-0.181592120614429
DS03,13,52,31.6,LPT_flow_mod,-0.19932057036086,-0.181592120614429
DS03,13,53,31.6,LPT_flow_mod,-0.205299236860511,-0.181592120614429
DS03,13,54,31.6,LPT_flow_mod,-0.202059516035444,-0.181592120614429
DS03,13,55,31.6,LPT_flow_mod,-0.2764132593616,-0.26960924744331
DS03,13,56,31.6,LPT_flow_mod,-0.239949475213987,-0.26960924744331
DS03,13,57,31.6,LPT_flow_mod,-0.269312518325209,-0.26960924744331
DS03,13,58,31.6,LPT_flow_mod,-0.287672066117163,-0.26960924744331
DS03,13,59,31.6,LPT_flow_mod,-0.265378185589916,-0.26960924744331
DS03,13,60,31.6,LPT_flow_mod,-0.255786182643221,-0.26960924744331
DS03,13,61,31.6,LPT_flow_mod,-0.281276484094461,-0.273056653579709
DS03,13,62,31.6,LPT_flow_mod,-0.276941017194062,-0.273056653579709
DS03,13,63,31.6,LPT_flow_mod,-0.33398560314543,-0.273056653579709
DS03,13,64,31.6,LPT_flow_mod,-0.326054436948612,-0.299475869258073
DS03,13,65,31.6,LPT_flow_mod,-0.362974394261813,-0.32069612243918
DS03,13,66,31.6,LPT_flow_mod,-0.382968295462659,-0.32069612243918
DS03,13,67,31.6,LPT_flow_mod,-0.389194586628358,-0.344355590431999
DS03,13,68,31.6,LPT_flow_mod,-0.428616774958332,-0.357298890949288
DS03,13,69,31.6,LPT_flow_mod,-0.39506119169573,-0.360070850939392
DS03,13,70,31.6,LPT_flow_mod,-0.464301862690822,-0.362559146548456
DS03,13,71,31.6,LPT_flow_mod,-0.428003727809297,-0.362559146548456
DS03,13,72,31.6,LPT_flow_mod,-0.45576563419783,-0.41863018097332
DS03,13,73,31.6,LPT_flow_mod,-0.447113641921827,-0.41863018097332
DS03,13,74,31.6,LPT_flow_mod,-0.500886682220867,-0.41863018097332
DS03,13,75,31.6,LPT_flow_mod,-0.49982711699859,-0.41863018097332
DS03,13,76,31.6,LPT_flow_mod,-0.560008306996634,-0.503369861860936
DS03,13,77,31.6,LPT_flow_mod,-0.520398860615924,-0.503369861860936
DS03,13,1,31.6,LPC_eff_mod,0,-0
DS03,13,2,31.6,LPC_eff_mod,0,-0
DS03,13,3,31.6,LPC_eff_mod,0,-0
DS03,13,4,31.6,LPC_eff_mod,0,-0
DS03,13,5,31.6,LPC_eff_mod,0,-0
DS03,13,6,31.6,LPC_eff_mod,0,-0
DS03,13,7,31.6,LPC_eff_mod,0,-0
DS03,13,8,31.6,LPC_eff_mod,0,-0
DS03,13,9,31.6,LPC_eff_mod,0,-0
DS03,13,10,31.6,LPC_eff_mod,0,-0
DS03,13,11,31.6,LPC_eff_mod,0,-0
DS03,13,12,31.6,LPC_eff_mod,0,-0
DS03,13,13,31.6,LPC_eff_mod,0,-0
DS03,13,14,31.6,LPC_eff_mod,0,-0
DS03,13,15,31.6,LPC_eff_mod,0,-0
DS03,13,16,31.6,LPC_eff_mod,0,-0
DS03,13,17,31.6,LPC_eff_mod,0,-0
DS03,13,18,31.6,LPC_eff_mod,0,-0
DS03,13,19,31.6,LPC_eff_mod,0,-0
DS03,13,20,31.6,LPC_eff_mod,0,-0
DS03,13,21,31.6,LPC_eff_mod,0,-0
DS03,13,22,31.6,LPC_eff_mod,0,-0
DS03,13,23,31.6,LPC_eff_mod,0,-0
DS03,13,24,31.6,LPC_eff_mod,0,-0
DS03,13,25,31.6,LPC_eff_mod,0,-0
DS03,13,26,31.6,LPC_eff_mod,0,-0
DS03,13,27,31.6,LPC_eff_mod,0,-0
DS03,13,28,31.6,LPC_eff_mod,0,-0
DS03,13,29,31.6,LPC_eff_mod,0,-0
DS03,13,30,31.6,LPC_eff_mod,0,-0
DS03,13,31,31.6,LPC_eff_mod,0,-0
DS03,13,32,31.6,LPC_eff_mod,0,-0
DS03,13,33,31.6,LPC_eff_mod,0,-0
DS03,13,34,31.6,LPC_eff_mod,0,-0
DS03,13,35,31.6,LPC_eff_mod,0,-0
DS03,13,36,31.6,LPC_eff_mod,0,-0
DS03,13,37,31.6,LPC_eff_mod,0,-0
DS03,13,38,31.6,LPC_eff_mod,0,-0
DS03,13,39,31.6,LPC_eff_mod,0,-0
DS03,13,40,31.6,LPC_eff_mod,0,-0
DS03,13,41,31.6,LPC_eff_mod,0,-0
DS03,13,42,31.6,LPC_eff_mod,0,-0
DS03,13,43,31.6,LPC_eff_mod,0,-0
DS03,13,44,31.6,LPC_eff_mod,0,-0
DS03,13,45,31.6,LPC_eff_mod,0,-0
DS03,13,46,31.6,LPC_eff_mod,0,-0
DS03,13,47,31.6,LPC_eff_mod,0,-0
DS03,13,48,31.6,LPC_eff_mod,0,-0
DS03,13,49,31.6,LPC_eff_mod,0,-0
DS03,13,50,31.6,LPC_eff_mod,0,-0
DS03,13,51,31.6,LPC_eff_mod,0,-0
DS03,13,52,31.6,LPC_eff_mod,0,-0
DS03,13,53,31.6,LPC_eff_mod,0,-0
DS03,13,54,31.6,LPC_eff_mod,0,-0
DS03,13,55,31.6,LPC_eff_mod,0,-0
DS03,13,56,31.6,LPC_eff_mod,0,-0
DS03,13,57,31.6,LPC_eff_mod,0,-0
DS03,13,58,31.6,LPC_eff_mod,0,-0
DS03,13,59,31.6,LPC_eff_mod,0,-0
DS03,13,60,31.6,LPC_eff_mod,0,-0
DS03,13,61,31.6,LPC_eff_mod,0,-0
DS03,13,62,31.6,LPC_eff_mod,0,-0
DS03,13,63,31.6,LPC_eff_mod,0,-0
DS03,13,64,31.6,LPC_eff_mod,0,-0
DS03,13,65,31.6,LPC_eff_mod,0,-0
DS03,13,66,31.6,LPC_eff_mod,0,-0
DS03,13,67,31.6,LPC_eff_mod,0,-0
DS03,13,68,31.6,LPC_eff_mod,0,-0
DS03,13,69,31.6,LPC_eff_mod,0,-0
DS03,13,70,31.6,LPC_eff_mod,0,-0
DS03,13,71,31.6,LPC_eff_mod,0,-0
DS03,13,72,31.6,LPC_eff_mod,0,-0
DS03,13,73,31.6,LPC_eff_mod,0,-0
DS03,13,74,31.6,LPC_eff_mod,0,-0
DS03,13,75,31.6,LPC_eff_mod,0,-0
DS03,13,76,31.6,LPC_eff_mod,0,-0
DS03,13,77,31.6,LPC_eff_mod,0,-0
DS03,13,1,31.6,LPC_flow_mod,0,-0
DS03,13,2,31.6,LPC_flow_mod,0,-0
DS03,13,3,31.6,LPC_flow_mod,0,-0
DS03,13,4,31.6,LPC_flow_mod,0,-0
DS03,13,5,31.6,LPC_flow_mod,0,-0
DS03,13,6,31.6,LPC_flow_mod,0,-0
DS03,13,7,31.6,LPC_flow_mod,0,-0
DS03,13,8,31.6,LPC_flow_mod,0,-0
DS03,13,9,31.6,LPC_flow_mod,0,-0
DS03,13,10,31.6,LPC_flow_mod,0,-0
DS03,13,11,31.6,LPC_flow_mod,0,-0
DS03,13,12,31.6,LPC_flow_mod,0,-0
DS03,13,13,31.6,LPC_flow_mod,0,-0
DS03,13,14,31.6,LPC_flow_mod,0,-0
DS03,13,15,31.6,LPC_flow_mod,0,-0
DS03,13,16,31.6,LPC_flow_mod,0,-0
DS03,13,17,31.6,LPC_flow_mod,0,-0
DS03,13,18,31.6,LPC_flow_mod,0,-0
DS03,13,19,31.6,LPC_flow_mod,0,-0
DS03,13,20,31.6,LPC_flow_mod,0,-0
DS03,13,21,31.6,LPC_flow_mod,0,-0
DS03,13,22,31.6,LPC_flow_mod,0,-0
DS03,13,23,31.6,LPC_flow_mod,0,-0
DS03,13,24,31.6,LPC_flow_mod,0,-0
DS03,13,25,31.6,LPC_flow_mod,0,-0
DS03,13,26,31.6,LPC_flow_mod,0,-0
DS03,13,27,31.6,LPC_flow_mod,0,-0
DS03,13,28,31.6,LPC_flow_mod,0,-0
DS03,13,29,31.6,LPC_flow_mod,0,-0
DS03,13,30,31.6,LPC_flow_mod,0,-0
DS03,13,31,31.6,LPC_flow_mod,0,-0
DS03,13,32,31.6,LPC_flow_mod,0,-0
DS03,13,33,31.6,LPC_flow_mod,0,-0
DS03,13,34,31.6,LPC_flow_mod,0,-0
DS03,13,35,31.6,LPC_flow_mod,0,-0
DS03,13,36,31.6,LPC_flow_mod,0,-0
DS03,13,37,31.6,LPC_flow_mod,0,-0
DS03,13,38,31.6,LPC_flow_mod,0,-0
DS03,13,39,31.6,LPC_flow_mod,0,-0
DS03,13,40,31.6,LPC_flow_mod,0,-0
DS03,13,41,31.6,LPC_flow_mod,0,-0
DS03,13,42,31.6,LPC_flow_mod,0,-0
DS03,13,43,31.6,LPC_flow_mod,0,-0
DS03,13,44,31.6,LPC_flow_mod,0,-0
DS03,13,45,31.6,LPC_flow_mod,0,-0
DS03,13,46,31.6,LPC_flow_mod,0,-0
DS03,13,47,31.6,LPC_flow_mod,0,-0
DS03,13,48,31.6,LPC_flow_mod,0,-0
DS03,13,49,31.6,LPC_flow_mod,0,-0
DS03,13,50,31.6,LPC_flow_mod,0,-0
DS03,13,51,31.6,LPC_flow_mod,0,-0
DS03,13,52,31.6,LPC_flow_mod,0,-0
DS03,13,53,31.6,LPC_flow_mod,0,-0
DS03,13,54,31.6,LPC_flow_mod,0,-0
DS03,13,55,31.6,LPC_flow_mod,0,-0
DS03,13,56,31.6,LPC_flow_mod,0,-0
DS03,13,57,31.6,LPC_flow_mod,0,-0
DS03,13,58,31.6,LPC_flow_mod,0,-0
DS03,13,59,31.6,LPC_flow_mod,0,-0
DS03,13,60,31.6,LPC_flow_mod,0,-0
DS03,13,61,31.6,LPC_flow_mod,0,-0
DS03,13,62,31.6,LPC_flow_mod,0,-0
DS03,13,63,31.6,LPC_flow_mod,0,-0.00433840052610332
DS03,13,64,31.6,LPC_flow_mod,0,-0.00433840052610332
DS03,13,65,31.6,LPC_flow_mod,0,-0.00433840052610332
DS03,13,66,31.6,LPC_flow_mod,0,-0.00433840052610332
DS03,13,67,31.6,LPC_flow_mod,0,-0.00433840052610332
DS03,13,68,31.6,LPC_flow_mod,0,-0.00502546010574914
DS03,13,69,31.6,LPC_flow_mod,0,-0.00502546010574914
DS03,13,70,31.6,LPC_flow_mod,0,-0.00502546010574914
DS03,13,71,31.6,LPC_flow_mod,0,-0.072714123639422
DS03,13,72,31.6,LPC_flow_mod,0,-0.072714123639422
DS03,13,73,31.6,LPC_flow_mod,0,-0.072714123639422
DS03,13,74,31.6,LPC_flow_mod,0,-0.072714123639422
DS03,13,75,31.6,LPC_flow_mod,0,-0.072714123639422
DS03,13,76,31.6,LPC_flow_mod,0,-0.072714123639422
DS03,13,77,31.6,LPC_flow_mod,0,-0.072714123639422
DS03,13,1,10000,HPT_eff_mod,-0.0147047418538638,-0
DS03,13,2,10000,HPT_eff_mod,0.00900637378901299,-0
DS03,13,3,10000,HPT_eff_mod,0.00569836806484819,-0
DS03,13,4,10000,HPT_eff_mod,0.00604821038784819,-0.000259753249048102
DS03,13,5,10000,HPT_eff_mod,-0.018303942060937,-0.000259753249048102
DS03,13,6,10000,HPT_eff_mod,0.00698133242719638,-0.000259753249048102
DS03,13,7,10000,HPT_eff_mod,-0.0241601339504382,-0.00140143053716401
DS03,13,8,10000,HPT_eff_mod,-0.0209220896380462,-0.00140143053716401
DS03,13,9,10000,HPT_eff_mod,0.000997083593210081,-0.0014091044794596
DS03,13,10,10000,HPT_eff_mod,-0.0264109517488553,-0.0028058702216287
DS03,13,11,10000,HPT_eff_mod,-0.00201793368174461,-0.0028058702216287
DS03,13,12,10000,HPT_eff_mod,-0.0368909386598398,-0.0031992087554267
DS03,13,13,10000,HPT_eff_mod,-0.0216615986774675,-0.0031992087554267
DS03,13,14,10000,HPT_eff_mod,-0.0280196252328129,-0.0031992087554267
DS03,13,15,10000,HPT_eff_mod,-0.0173712607138065,-0.0031992087554267
DS03,13,16,10000,HPT_eff_mod,-0.0101535361162588,-0.00375865101817485
DS03,13,17,10000,HPT_eff_mod,-0.0195849047586641,-0.00375865101817485
DS03,13,18,10000,HPT_eff_mod,-0.0253166411398631,-0.00392603415701164
DS03,13,19,10000,HPT_eff_mod,-0.0511151518156348,-0.00475952519012476
DS03,13,20,10000,HPT_eff_mod,-0.0295718399907249,-0.00475952519012476
DS03,13,21,10000,HPT_eff_mod,-0.0346271565355132,-0.00475952519012476
DS03,13,22,10000,HPT_eff_mod,-0.0448556074114059,-0.00557659930613728
DS03,13,23,10000,HPT_eff_mod,-0.0389581368487327,-0.00557659930613728
DS03,13,24,10000,HPT_eff_mod,-0.0332577138983749,-0.00596174192657375
DS03,13,25,10000,HPT_eff_mod,-0.031921526358989,-0.00653341359525906
DS03,13,26,10000,HPT_eff_mod,-0.0440119796655307,-0.00704455018935818
DS03,13,27,10000,HPT_eff_mod,-0.0396521475450058,-0.00704455018935818
DS03,13,28,10000,HPT_eff_mod,-0.0459285235905328,-0.00704455018935818
DS03,13,29,10000,HPT_eff_mod,-0.0547449423535588,-0.00720575129548001
DS03,13,30,10000,HPT_eff_mod,-0.0627844151037848,-0.0082034026499094
DS03,13,31,10000,HPT_eff_mod,-0.0713971585523208,-0.00894305305380379
DS03,13,32,10000,HPT_eff_mod,-0.0747140657696638,-0.00948399106267581
DS03,13,33,10000,HPT_eff_mod,-0.0794564364144498,-0.0111862136002971
DS03,13,34,10000,HPT_eff_mod,-0.0912502248417318,-0.0111862136002971
DS03,13,35,10000,HPT_eff_mod,-0.0884838048304898,-0.0111862136002971
DS03,13,36,10000,HPT_eff_mod,-0.0799782215997678,-0.0111862136002971
DS03,13,37,10000,HPT_eff_mod,-0.10200397629909,-0.0122647206923927
DS03,13,38,10000,HPT_eff_mod,-0.0868820593697818,-0.0122647206923927
DS03,13,39,10000,HPT_eff_mod,-0.0988862272228348,-0.0126836327348077
DS03,13,40,10000,HPT_eff_mod,-0.112274967663985,-0.0152626733234155
DS03,13,41,10000,HPT_eff_mod,-0.124435665574638,-0.0152626733234155
DS03,13,42,10000,HPT_eff_mod,-0.130228009576055,-0.0181637255066707
DS03,13,43,10000,HPT_eff_mod,-0.146050305891147,-0.0191235916203637
DS03,13,44,10000,HPT_eff_mod,-0.136021279798243,-0.0198696160804857
DS03,13,45,10000,HPT_eff_mod,-0.145653347521193,-0.0208716488356111
DS03,13,46,10000,HPT_eff_mod,-0.15102611535789,-0.0208716488356111
DS03,13,47,10000,HPT_eff_mod,-0.182001093708427,-0.0230657617352988
DS03,13,48,10000,HPT_eff_mod,-0.196191548796437,-0.0267187694778439
DS03,13,49,10000,HPT_eff_mod,-0.200992004579555,-0.0267187694778439
DS03,13,50,10000,HPT_eff_mod,-0.213736251819076,-0.0287185630945027
DS03,13,51,10000,HPT_eff_mod,-0.218596211755826,-0.0287185630945027
DS03,13,52,10000,HPT_eff_mod,-0.212043587201828,-0.0287185630945027
DS03,13,53,10000,HPT_eff_mod,-0.236419323756178,-0.0311947816510336
DS03,13,54,10000,HPT_eff_mod,-0.235633714006939,-0.0320212006365007
DS03,13,55,10000,HPT_eff_mod,-0.28343626863485,-0.0351643026466269
DS03,13,56,10000,HPT_eff_mod,-0.266157127866053,-0.0351643026466269
DS03,13,57,10000,HPT_eff_mod,-0.297762199437852,-0.040353961289282
DS03,13,58,10000,HPT_eff_mod,-0.299192857005582,-0.040353961289282
DS03,13,59,10000,HPT_eff_mod,-0.317472278285324,-0.040353961289282
DS03,13,60,10000,HPT_eff_mod,-0.35178747334213,-0.041474585236691
DS03,13,61,10000,HPT_eff_mod,-0.351092361285627,-0.0455978060961678
DS03,13,62,10000,HPT_eff_mod,-0.384080568990584,-0.048505930762386
DS03,13,63,10000,HPT_eff_mod,-0.381294700052302,-0.0502564845934089
DS03,13,64,10000,HPT_eff_mod,-0.412340212621182,-0.0502564845934089
DS03,13,65,10000,HPT_eff_mod,-0.435080148910285,-0.0583229783895156
DS03,13,66,10000,HPT_eff_mod,-0.448347523216163,-0.0583229783895156
DS03,13,67,10000,HPT_eff_mod,-0.480000299736894,-0.0648549413483956
DS03,13,68,10000,HPT_eff_mod,-0.494377228150388,-0.0648549413483956
DS03,13,69,10000,HPT_eff_mod,-0.522106162650535,-0.0694436965770433
DS03,13,70,10000,HPT_eff_mod,-0.571388800884504,-0.0728237310864719
DS03,13,71,10000,HPT_eff_mod,-0.573192546761304,-0.0728237310864719
DS03,13,72,10000,HPT_eff_mod,-0.615041347728424,-0.0757830947844569
DS03,13,73,10000,HPT_eff_mod,-0.639326176648454,-0.0853153488154959
DS03,13,74,10000,HPT_eff_mod,-0.660054316297046,-0.0891977469203349
DS03,13,75,10000,HPT_eff_mod,-0.692467768233991,-0.0953154123322999
DS03,13,76,10000,HPT_eff_mod,-0.73424342047023,-0.0965183419967832
DS03,13,77,10000,HPT_eff_mod,-0.774981116563406,-0.102111023230891
DS03,13,1,10000,fan_eff_mod,0,-0
DS03,13,2,10000,fan_eff_mod,0,-0
DS03,13,3,10000,fan_eff_mod,0,-0.00387816635493815
DS03,13,4,10000,fan_eff_mod,0,-0.00387816635493815
DS03,13,5,10000,fan_eff_mod,0,-0.00387816635493815
DS03,13,6,10000,fan_eff_mod,0,-0.00628066200046217
DS03,13,7,10000,fan_eff_mod,0,-0.00628066200046217
DS03,13,8,10000,fan_eff_mod,0,-0.00628066200046217
DS03,13,9,10000,fan_eff_mod,0,-0.0111963910864751
DS03,13,10,10000,fan_eff_mod,0,-0.0111963910864751
DS03,13,11,10000,fan_eff_mod,0,-0.0111963910864751
DS03,13,12,10000,fan_eff_mod,0,-0.0111963910864751
DS03,13,13,10000,fan_eff_mod,0,-0.0111963910864751
DS03,13,14,10000,fan_eff_mod,0,-0.0111963910864751
DS03,13,15,10000,fan_eff_mod,0,-0.0111963910864751
DS03,13,16,10000,fan_eff_mod,0,-0.0111963910864751
DS03,13,17,10000,fan_eff_mod,0,-0.0164380552970643
DS03,13,18,10000,fan_eff_mod,0,-0.0275454888124985
DS03,13,19,10000,fan_eff_mod,0,-0.0275454888124985
DS03,13,20,10000,fan_eff_mod,0,-0.0275454888124985
DS03,13,21,10000,fan_eff_mod,0,-0.0302963134018509
DS03,13,22,10000,fan_eff_mod,0,-0.0302963134018509
DS03,13,23,10000,fan_eff_mod,0,-0.0302963134018509
DS03,13,24,10000,fan_eff_mod,0,-0.0302963134018509
DS03,13,25,10000,fan_eff_mod,0,-0.0302963134018509
DS03,13,26,10000,fan_eff_mod,0,-0.0302963134018509
DS03,13,27,10000,fan_eff_mod,0,-0.0592087758716118
DS03,13,28,10000,fan_eff_mod,0,-0.0592087758716118
DS03,13,29,10000,fan_eff_mod,0,-0.0592087758716118
DS03,13,30,10000,fan_eff_mod,0,-0.0592087758716118
DS03,13,31,10000,fan_eff_mod,0,-0.0794050804770071
DS03,13,32,10000,fan_eff_mod,0,-0.102403322958561
DS03,13,33,10000,fan_eff_mod,0,-0.102403322958561
DS03,13,34,10000,fan_eff_mod,0,-0.107074412644534
DS03,13,35,10000,fan_eff_mod,0,-0.115673026411911
DS03,13,36,10000,fan_eff_mod,0,-0.115673026411911
DS03,13,37,10000,fan_eff_mod,0,-0.14245620412963
DS03,13,38,10000,fan_eff_mod,0,-0.14245620412963
DS03,13,39,10000,fan_eff_mod,0,-0.152187509873168
DS03,13,40,10000,fan_eff_mod,0,-0.152187509873168
DS03,13,41,10000,fan_eff_mod,0,-0.152187509873168
DS03,13,42,10000,fan_eff_mod,0,-0.174996626436186
DS03,13,43,10000,fan_eff_mod,0,-0.174996626436186
DS03,13,44,10000,fan_eff_mod,0,-0.226765246690407
DS03,13,45,10000,fan_eff_mod,0,-0.226765246690407
DS03,13,46,10000,fan_eff_mod,0,-0.243482270113447
DS03,13,47,10000,fan_eff_mod,0,-0.243482270113447
DS03,13,48,10000,fan_eff_mod,0,-0.297919637279919
DS03,13,49,10000,fan_eff_mod,0,-0.297919637279919
DS03,13,50,10000,fan_eff_mod,0,-0.297919637279919
DS03,13,51,10000,fan_eff_mod,0,-0.311494073652787
DS03,13,52,10000,fan_eff_mod,0,-0.311494073652787
DS03,13,53,10000,fan_eff_mod,0,-0.318528735242854
DS03,13,54,10000,fan_eff_mod,0,-0.41925761772278
DS03,13,55,10000,fan_eff_mod,0,-0.41925761772278
DS03,13,56,10000,fan_eff_mod,0,-0.431138671972775
DS03,13,57,10000,fan_eff_mod,0,-0.48970080358365
DS03,13,58,10000,fan_eff_mod,0,-0.530987065977907
DS03,13,59,10000,fan_eff_mod,0,-0.531872003158639
DS03,13,60,10000,fan_eff_mod,0,-0.579205539156624
DS03,13,61,10000,fan_eff_mod,0,-0.586684102694432
DS03,13,62,10000,fan_eff_mod,0,-0.672975585254438
DS03,13,63,10000,fan_eff_mod,0,-0.690015647615267
DS03,13,64,10000,fan_eff_mod,0,-0.690015647615267
DS03,13,65,10000,fan_eff_mod,0,-0.824758036784424
DS03,13,66,10000,fan_eff_mod,0,-0.824758036784424
DS03,13,67,10000,fan_eff_mod,0,-0.949063580443861
DS03,13,68,10000,fan_eff_mod,0,-0.949063580443861
DS03,13,69,10000,fan_eff_mod,0,-1.0508117457401
DS03,13,70,10000,fan_eff_mod,0,-1.08088108024791
DS03,13,71,10000,fan_eff_mod,0,-1.08088108024791
DS03,13,72,10000,fan_eff_mod,0,-1.085042856276
DS03,13,73,10000,fan_eff_mod,0,-1.41627137227833
DS03,13,74,10000,fan_eff_mod,0,-1.48371456902623
DS03,13,75,10000,fan_eff_mod,0,-1.61797683294054
DS03,13,76,10000,fan_eff_mod,0,-1.61797683294054
DS03,13,77,10000,fan_eff_mod,0,-1.76034734160968
DS03,13,1,10000,fan_flow_mod,0,-0
DS03,13,2,10000,fan_flow_mod,0,-0
DS03,13,3,10000,fan_flow_mod,0,-0
DS03,13,4,10000,fan_flow_mod,0,-0
DS03,13,5,10000,fan_flow_mod,0,-0
DS03,13,6,10000,fan_flow_mod,0,-0
DS03,13,7,10000,fan_flow_mod,0,-0
DS03,13,8,10000,fan_flow_mod,0,-0
DS03,13,9,10000,fan_flow_mod,0,-0
DS03,13,10,10000,fan_flow_mod,0,-0
DS03,13,11,10000,fan_flow_mod,0,-0
DS03,13,12,10000,fan_flow_mod,0,-0
DS03,13,13,10000,fan_flow_mod,0,-0
DS03,13,14,10000,fan_flow_mod,0,-0
DS03,13,15,10000,fan_flow_mod,0,-0
DS03,13,16,10000,fan_flow_mod,0,-0
DS03,13,17,10000,fan_flow_mod,0,-0
DS03,13,18,10000,fan_flow_mod,0,-0
DS03,13,19,10000,fan_flow_mod,0,-0
DS03,13,20,10000,fan_flow_mod,0,-0
DS03,13,21,10000,fan_flow_mod,0,-0
DS03,13,22,10000,fan_flow_mod,0,-0
DS03,13,23,10000,fan_flow_mod,0,-0
DS03,13,24,10000,fan_flow_mod,0,-0
DS03,13,25,10000,fan_flow_mod,0,-0
DS03,13,26,10000,fan_flow_mod,0,-0
DS03,13,27,10000,fan_flow_mod,0,-0
DS03,13,28,10000,fan_flow_mod,0,-0
DS03,13,29,10000,fan_flow_mod,0,-0
DS03,13,30,10000,fan_flow_mod,0,-0
DS03,13,31,10000,fan_flow_mod,0,-0
DS03,13,32,10000,fan_flow_mod,0,-0
DS03,13,33,10000,fan_flow_mod,0,-0
DS03,13,34,10000,fan_flow_mod,0,-0
DS03,13,35,10000,fan_flow_mod,0,-0
DS03,13,36,10000,fan_flow_mod,0,-0
DS03,13,37,10000,fan_flow_mod,0,-0
DS03,13,38,10000,fan_flow_mod,0,-0
DS03,13,39,10000,fan_flow_mod,0,-0
DS03,13,40,10000,fan_flow_mod,0,-0
DS03,13,41,10000,fan_flow_mod,0,-0
DS03,13,42,10000,fan_flow_mod,0,-0
DS03,13,43,10000,fan_flow_mod,0,-0
DS03,13,44,10000,fan_flow_mod,0,-0
DS03,13,45,10000,fan_flow_mod,0,-0
DS03,13,46,10000,fan_flow_mod,0,-0
DS03,13,47,10000,fan_flow_mod,0,-0
DS03,13,48,10000,fan_flow_mod,0,-0
DS03,13,49,10000,fan_flow_mod,0,-0
DS03,13,50,10000,fan_flow_mod,0,-0
DS03,13,51,10000,fan_flow_mod,0,-0
DS03,13,52,10000,fan_flow_mod,0,-0
DS03,13,53,10000,fan_flow_mod,0,-0
DS03,13,54,10000,fan_flow_mod,0,-0
DS03,13,55,10000,fan_flow_mod,0,-0
DS03,13,56,10000,fan_flow_mod,0,-0
DS03,13,57,10000,fan_flow_mod,0,-0
DS03,13,58,10000,fan_flow_mod,0,-0
DS03,13,59,10000,fan_flow_mod,0,-0
DS03,13,60,10000,fan_flow_mod,0,-0
DS03,13,61,10000,fan_flow_mod,0,-0
DS03,13,62,10000,fan_flow_mod,0,-0
DS03,13,63,10000,fan_flow_mod,0,-0
DS03,13,64,10000,fan_flow_mod,0,-0
DS03,13,65,10000,fan_flow_mod,0,-0
DS03,13,66,10000,fan_flow_mod,0,-0
DS03,13,67,10000,fan_flow_mod,0,-0
DS03,13,68,10000,fan_flow_mod,0,-0
DS03,13,69,10000,fan_flow_mod,0,-0
DS03,13,70,10000,fan_flow_mod,0,-0
DS03,13,71,10000,fan_flow_mod,0,-0
DS03,13,72,10000,fan_flow_mod,0,-0
DS03,13,73,10000,fan_flow_mod,0,-0
DS03,13,74,10000,fan_flow_mod,0,-0
DS03,13,75,10000,fan_flow_mod,0,-0
DS03,13,76,10000,fan_flow_mod,0,-0
DS03,13,77,10000,fan_flow_mod,0,-0
DS03,13,1,10000,HPC_eff_mod,0,-0
DS03,13,2,10000,HPC_eff_mod,0,-0
DS03,13,3,10000,HPC_eff_mod,0,-0.000158867858280527
DS03,13,4,10000,HPC_eff_mod,0,-0.000158867858280527
DS03,13,5,10000,HPC_eff_mod,0,-0.000158867858280527
DS03,13,6,10000,HPC_eff_mod,0,-0.000832376854667398
DS03,13,7,10000,HPC_eff_mod,0,-0.000832376854667398
DS03,13,8,10000,HPC_eff_mod,0,-0.000832376854667398
DS03,13,9,10000,HPC_eff_mod,0,-0.00216431478897869
DS03,13,10,10000,HPC_eff_mod,0,-0.00254388264971138
DS03,13,11,10000,HPC_eff_mod,0,-0.00254388264971138
DS03,13,12,10000,HPC_eff_mod,0,-0.00260100905922703
DS03,13,13,10000,HPC_eff_mod,0,-0.00260100905922703
DS03,13,14,10000,HPC_eff_mod,0,-0.00260100905922703
DS03,13,15,10000,HPC_eff_mod,0,-0.00260100905922703
DS03,13,16,10000,HPC_eff_mod,0,-0.00260100905922703
DS03,13,17,10000,HPC_eff_mod,0,-0.00260100905922703
DS03,13,18,10000,HPC_eff_mod,0,-0.00471847628732921
DS03,13,19,10000,HPC_eff_mod,0,-0.00471847628732921
DS03,13,20,10000,HPC_eff_mod,0,-0.00471847628732921
DS03,13,21,10000,HPC_eff_mod,0,-0.00471847628732921
DS03,13,22,10000,HPC_eff_mod,0,-0.00480245409633596
DS03,13,23,10000,HPC_eff_mod,0,-0.00480245409633596
DS03,13,24,10000,HPC_eff_mod,0,-0.00480245409633596
DS03,13,25,10000,HPC_eff_mod,0,-0.00480245409633596
DS03,13,26,10000,HPC_eff_mod,0,-0.00572300114287378
DS03,13,27,10000,HPC_eff_mod,0,-0.00714074693718845
DS03,13,28,10000,HPC_eff_mod,0,-0.00714074693718845
DS03,13,29,10000,HPC_eff_mod,0,-0.00714074693718845
DS03,13,30,10000,HPC_eff_mod,0,-0.00731048522750555
DS03,13,31,10000,HPC_eff_mod,0,-0.00850916908503387
DS03,13,32,10000,HPC_eff_mod,0,-0.00850916908503387
DS03,13,33,10000,HPC_eff_mod,0,-0.0105575869137925
DS03,13,34,10000,HPC_eff_mod,0,-0.0105575869137925
DS03,13,35,10000,HPC_eff_mod,0,-0.0105575869137925
DS03,13,36,10000,HPC_eff_mod,0,-0.0105575869137925
DS03,13,37,10000,HPC_eff_mod,0,-0.0116171965661655
DS03,13,38,10000,HPC_eff_mod,0,-0.0116171965661655
DS03,13,39,10000,HPC_eff_mod,0,-0.0139271039811047
DS03,13,40,10000,HPC_eff_mod,0,-0.0143893442949338
DS03,13,41,10000,HPC_eff_mod,0,-0.0143893442949338
DS03,13,42,10000,HPC_eff_mod,0,-0.0183980524927947
DS03,13,43,10000,HPC_eff_mod,0,-0.0183980524927947
DS03,13,44,10000,HPC_eff_mod,0,-0.0193234922890701
DS03,13,45,10000,HPC_eff_mod,0,-0.0199158728523285
DS03,13,46,10000,HPC_eff_mod,0,-0.0199158728523285
DS03,13,47,10000,HPC_eff_mod,0,-0.0250128736914096
DS03,13,48,10000,HPC_eff_mod,0,-0.0266574423934558
DS03,13,49,10000,HPC_eff_mod,0,-0.0266574423934558
DS03,13,50,10000,HPC_eff_mod,0,-0.0273188688853645
DS03,13,51,10000,HPC_eff_mod,0,-0.0276985893548258
DS03,13,52,10000,HPC_eff_mod,0,-0.0276985893548258
DS03,13,53,10000,HPC_eff_mod,0,-0.0286811793925967
DS03,13,54,10000,HPC_eff_mod,0,-0.0324857850573567
DS03,13,55,10000,HPC_eff_mod,0,-0.0332059718265694
DS03,13,56,10000,HPC_eff_mod,0,-0.0341752130242285
DS03,13,57,10000,HPC_eff_mod,0,-0.0403731669881848
DS03,13,58,10000,HPC_eff_mod,0,-0.0405479312944694
DS03,13,59,10000,HPC_eff_mod,0,-0.040956210231653
DS03,13,60,10000,HPC_eff_mod,0,-0.040956210231653
DS03,13,61,10000,HPC_eff_mod,0,-0.0441977744301846
DS03,13,62,10000,HPC_eff_mod,0,-0.0486074432933275
DS03,13,63,10000,HPC_eff_mod,0,-0.0493114375467231
DS03,13,64,10000,HPC_eff_mod,0,-0.0493114375467231
DS03,13,65,10000,HPC_eff_mod,0,-0.0581079042779291
DS03,13,66,10000,HPC_eff_mod,0,-0.0581079042779291
DS03,13,67,10000,HPC_eff_mod,0,-0.0656338582922282
DS03,13,68,10000,HPC_eff_mod,0,-0.0656338582922282
DS03,13,69,10000,HPC_eff_mod,0,-0.0687228880659163
DS03,13,70,10000,HPC_eff_mod,0,-0.0734363156111129
DS03,13,71,10000,HPC_eff_mod,0,-0.0734363156111129
DS03,13,72,10000,HPC_eff_mod,0,-0.076047655653962
DS03,13,73,10000,HPC_eff_mod,0,-0.0845680918039661
DS03,13,74,10000,HPC_eff_mod,0,-0.0900556931734242
DS03,13,75,10000,HPC_eff_mod,0,-0.0956281534670558
DS03,13,76,10000,HPC_eff_mod,0,-0.096696505096479
DS03,13,77,10000,HPC_eff_mod,0,-0.102781897515658
DS03,13,1,10000,HPC_flow_mod,0,-0
DS03,13,2,10000,HPC_flow_mod,0,-0
DS03,13,3,10000,HPC_flow_mod,0,-0
DS03,13,4,10000,HPC_flow_mod,0,-0
DS03,13,5,10000,HPC_flow_mod,0,-0
DS03,13,6,10000,HPC_flow_mod,0,-0
DS03,13,7,10000,HPC_flow_mod,0,-0
DS03,13,8,10000,HPC_flow_mod,0,-0
DS03,13,9,10000,HPC_flow_mod,0,-0
DS03,13,10,10000,HPC_flow_mod,0,-0
DS03,13,11,10000,HPC_flow_mod,0,-0
DS03,13,12,10000,HPC_flow_mod,0,-0
DS03,13,13,10000,HPC_flow_mod,0,-0
DS03,13,14,10000,HPC_flow_mod,0,-0
DS03,13,15,10000,HPC_flow_mod,0,-0
DS03,13,16,10000,HPC_flow_mod,0,-0
DS03,13,17,10000,HPC_flow_mod,0,-0
DS03,13,18,10000,HPC_flow_mod,0,-0
DS03,13,19,10000,HPC_flow_mod,0,-0
DS03,13,20,10000,HPC_flow_mod,0,-0
DS03,13,21,10000,HPC_flow_mod,0,-0
DS03,13,22,10000,HPC_flow_mod,0,-0
DS03,13,23,10000,HPC_flow_mod,0,-0
DS03,13,24,10000,HPC_flow_mod,0,-0
DS03,13,25,10000,HPC_flow_mod,0,-0
DS03,13,26,10000,HPC_flow_mod,0,-0
DS03,13,27,10000,HPC_flow_mod,0,-0
DS03,13,28,10000,HPC_flow_mod,0,-0
DS03,13,29,10000,HPC_flow_mod,0,-0
DS03,13,30,10000,HPC_flow_mod,0,-0
DS03,13,31,10000,HPC_flow_mod,0,-0
DS03,13,32,10000,HPC_flow_mod,0,-0
DS03,13,33,10000,HPC_flow_mod,0,-0
DS03,13,34,10000,HPC_flow_mod,0,-0
DS03,13,35,10000,HPC_flow_mod,0,-0
DS03,13,36,10000,HPC_flow_mod,0,-0
DS03,13,37,10000,HPC_flow_mod,0,-0
DS03,13,38,10000,HPC_flow_mod,0,-0
DS03,13,39,10000,HPC_flow_mod,0,-0
DS03,13,40,10000,HPC_flow_mod,0,-0
DS03,13,41,10000,HPC_flow_mod,0,-0
DS03,13,42,10000,HPC_flow_mod,0,-0
DS03,13,43,10000,HPC_flow_mod,0,-0
DS03,13,44,10000,HPC_flow_mod,0,-0
DS03,13,45,10000,HPC_flow_mod,0,-0
DS03,13,46,10000,HPC_flow_mod,0,-0
DS03,13,47,10000,HPC_flow_mod,0,-0
DS03,13,48,10000,HPC_flow_mod,0,-0
DS03,13,49,10000,HPC_flow_mod,0,-0
DS03,13,50,10000,HPC_flow_mod,0,-0
DS03,13,51,10000,HPC_flow_mod,0,-0
DS03,13,52,10000,HPC_flow_mod,0,-0
DS03,13,53,10000,HPC_flow_mod,0,-0
DS03,13,54,10000,HPC_flow_mod,0,-0
DS03,13,55,10000,HPC_flow_mod,0,-0
DS03,13,56,10000,HPC_flow_mod,0,-0
DS03,13,57,10000,HPC_flow_mod,0,-0
DS03,13,58,10000,HPC_flow_mod,0,-0
DS03,13,59,10000,HPC_flow_mod,0,-0
DS03,13,60,10000,HPC_flow_mod,0,-0
DS03,13,61,10000,HPC_flow_mod,0,-0
DS03,13,62,10000,HPC_flow_mod,0,-0
DS03,13,63,10000,HPC_flow_mod,0,-0
DS03,13,64,10000,HPC_flow_mod,0,-0
DS03,13,65,10000,HPC_flow_mod,0,-0
DS03,13,66,10000,HPC_flow_mod,0,-0
DS03,13,67,10000,HPC_flow_mod,0,-0
DS03,13,68,10000,HPC_flow_mod,0,-0
DS03,13,69,10000,HPC_flow_mod,0,-0
DS03,13,70,10000,HPC_flow_mod,0,-0
DS03,13,71,10000,HPC_flow_mod,0,-0
DS03,13,72,10000,HPC_flow_mod,0,-0
DS03,13,73,10000,HPC_flow_mod,0,-0
DS03,13,74,10000,HPC_flow_mod,0,-0
DS03,13,75,10000,HPC_flow_mod,0,-0
DS03,13,76,10000,HPC_flow_mod,0,-0
DS03,13,77,10000,HPC_flow_mod,0,-0
DS03,13,1,10000,LPT_eff_mod,-0.002177481165287,-0
DS03,13,2,10000,LPT_eff_mod,0.0083343905384309,-0
DS03,13,3,10000,LPT_eff_mod,-0.0061569093731431,-0.000509180133999018
DS03,13,4,10000,LPT_eff_mod,-0.0284481779679321,-0.000509180133999018
DS03,13,5,10000,LPT_eff_mod,-0.0061494541100887,-0.000509180133999018
DS03,13,6,10000,LPT_eff_mod,-0.0314959310015934,-0.000509180133999018
DS03,13,7,10000,LPT_eff_mod,-0.0058838741776575,-0.000509180133999018
DS03,13,8,10000,LPT_eff_mod,-0.0332829799429617,-0.000509180133999018
DS03,13,9,10000,LPT_eff_mod,-0.00124956654957339,-0.00172654131604608
DS03,13,10,10000,LPT_eff_mod,-0.0043478166066835,-0.00172654131604608
DS03,13,11,10000,LPT_eff_mod,-0.0229932120056607,-0.00172654131604608
DS03,13,12,10000,LPT_eff_mod,-0.0447491917383065,-0.00172654131604608
DS03,13,13,10000,LPT_eff_mod,-0.0453965727527505,-0.00172654131604608
DS03,13,14,10000,LPT_eff_mod,-0.0320148101531758,-0.00172654131604608
DS03,13,15,10000,LPT_eff_mod,-0.0462548267310865,-0.00172654131604608
DS03,13,16,10000,LPT_eff_mod,-0.0290045283873191,-0.00172654131604608
DS03,13,17,10000,LPT_eff_mod,-0.0393695145788295,-0.00228951867099901
DS03,13,18,10000,LPT_eff_mod,-0.0232340281632088,-0.00228951867099901
DS03,13,19,10000,LPT_eff_mod,-0.0646539621626375,-0.00228951867099901
DS03,13,20,10000,LPT_eff_mod,-0.0539451110768865,-0.00228951867099901
DS03,13,21,10000,LPT_eff_mod,-0.0760535607313975,-0.00348964842699021
DS03,13,22,10000,LPT_eff_mod,-0.0553946329699865,-0.00348964842699021
DS03,13,23,10000,LPT_eff_mod,-0.0714157763458595,-0.00348964842699021
DS03,13,24,10000,LPT_eff_mod,-0.0741577366229395,-0.00348964842699021
DS03,13,25,10000,LPT_eff_mod,-0.0887616284866105,-0.00348964842699021
DS03,13,26,10000,LPT_eff_mod,-0.0982142280683335,-0.00348964842699021
DS03,13,27,10000,LPT_eff_mod,-0.102158969881293,-0.0052815167574343
DS03,13,28,10000,LPT_eff_mod,-0.103065631195519,-0.0052815167574343
DS03,13,29,10000,LPT_eff_mod,-0.105811806767607,-0.0052815167574343
DS03,13,30,10000,LPT_eff_mod,-0.112179520523434,-0.0052815167574343
DS03,13,31,10000,LPT_eff_mod,-0.114827700962218,-0.00693158448972007
DS03,13,32,10000,LPT_eff_mod,-0.119537291308321,-0.00831891383041432
DS03,13,33,10000,LPT_eff_mod,-0.144972777304834,-0.00831891383041432
DS03,13,34,10000,LPT_eff_mod,-0.167164730734683,-0.00908887166821382
DS03,13,35,10000,LPT_eff_mod,-0.171070034636664,-0.00908887166821382
DS03,13,36,10000,LPT_eff_mod,-0.17822552869857,-0.00908887166821382
DS03,13,37,10000,LPT_eff_mod,-0.184794456418505,-0.0108515270688146
DS03,13,38,10000,LPT_eff_mod,-0.183114476399233,-0.0108515270688146
DS03,13,39,10000,LPT_eff_mod,-0.213915924887307,-0.0113756904731106
DS03,13,40,10000,LPT_eff_mod,-0.207972982868639,-0.0113756904731106
DS03,13,41,10000,LPT_eff_mod,-0.238049507704161,-0.0113756904731106
DS03,13,42,10000,LPT_eff_mod,-0.23989413444665,-0.0137306818342391
DS03,13,43,10000,LPT_eff_mod,-0.279859671449229,-0.0137306818342391
DS03,13,44,10000,LPT_eff_mod,-0.304562580702393,-0.0174882938718937
DS03,13,45,10000,LPT_eff_mod,-0.288227950992988,-0.0174882938718937
DS03,13,46,10000,LPT_eff_mod,-0.330322945293252,-0.0182198840815028
DS03,13,47,10000,LPT_eff_mod,-0.322964354022989,-0.0182198840815028
DS03,13,48,10000,LPT_eff_mod,-0.363698449428941,-0.0230029416063171
DS03,13,49,10000,LPT_eff_mod,-0.394566537447987,-0.0230029416063171
DS03,13,50,10000,LPT_eff_mod,-0.412289293069821,-0.0230029416063171
DS03,13,51,10000,LPT_eff_mod,-0.430637513928793,-0.0235982959577766
DS03,13,52,10000,LPT_eff_mod,-0.450571107057751,-0.0235982959577766
DS03,13,53,10000,LPT_eff_mod,-0.481088269568977,-0.0259272937911983
DS03,13,54,10000,LPT_eff_mod,-0.526301939264853,-0.031119572864766
DS03,13,55,10000,LPT_eff_mod,-0.528717945418172,-0.031119572864766
DS03,13,56,10000,LPT_eff_mod,-0.599360886578067,-0.031303430070551
DS03,13,57,10000,LPT_eff_mod,-0.611004311566742,-0.0354246143209625
DS03,13,58,10000,LPT_eff_mod,-0.659648562155183,-0.0378220274972535
DS03,13,59,10000,LPT_eff_mod,-0.71937555639846,-0.0378220274972535
DS03,13,60,10000,LPT_eff_mod,-0.759348498075407,-0.0415307241465931
DS03,13,61,10000,LPT_eff_mod,-0.808320710413902,-0.0430241939567059
DS03,13,62,10000,LPT_eff_mod,-0.859677283313996,-0.0475411247057831
DS03,13,63,10000,LPT_eff_mod,-0.926000776736272,-0.0492586981632131
DS03,13,64,10000,LPT_eff_mod,-0.951891853744744,-0.0492586981632131
DS03,13,65,10000,LPT_eff_mod,-1.02788796883862,-0.0582319031872714
DS03,13,66,10000,LPT_eff_mod,-1.08967603570535,-0.0582319031872714
DS03,13,67,10000,LPT_eff_mod,-1.15375306280724,-0.0657555040856722
DS03,13,68,10000,LPT_eff_mod,-1.22424354301456,-0.0657555040856722
DS03,13,69,10000,LPT_eff_mod,-1.30129254251947,-0.0724828312279158
DS03,13,70,10000,LPT_eff_mod,-1.3838478458588,-0.0748291100935676
DS03,13,71,10000,LPT_eff_mod,-1.47207603157283,-0.0748291100935676
DS03,13,72,10000,LPT_eff_mod,-1.57249601370962,-0.0748291100935676
DS03,13,73,10000,LPT_eff_mod,-1.65758647947706,-0.0956470582541224
DS03,13,74,10000,LPT_eff_mod,-1.77939555414599,-0.0991017813909626
DS03,13,75,10000,LPT_eff_mod,-1.90172556393517,-0.108195521003047
DS03,13,76,10000,LPT_eff_mod,-2.01019033352595,-0.108195521003047
DS03,13,77,10000,LPT_eff_mod,-2.13430592524594,-0.117331527159703
DS03,13,1,10000,LPT_flow_mod,-0.00583373629774932,-0
DS03,13,2,10000,LPT_flow_mod,0.0113782083541085,-0
DS03,13,3,10000,LPT_flow_mod,-0.00554447205636142,-0
DS03,13,4,10000,LPT_flow_mod,-0.0143707645397315,-0
DS03,13,5,10000,LPT_flow_mod,-0.00529697050094111,-0.000306464246720709
DS03,13,6,10000,LPT_flow_mod,-0.00416822778465252,-0.000306464246720709
DS03,13,7,10000,LPT_flow_mod,-0.000435122402548712,-0.00214058437681815
DS03,13,8,10000,LPT_flow_mod,-0.0209525987323811,-0.00214058437681815
DS03,13,9,10000,LPT_flow_mod,-0.0212440246401466,-0.00214058437681815
DS03,13,10,10000,LPT_flow_mod,-0.0109519462180656,-0.00343128773245388
DS03,13,11,10000,LPT_flow_mod,-0.0325311184559162,-0.00343128773245388
DS03,13,12,10000,LPT_flow_mod,-0.0331937324193791,-0.00389995220013057
DS03,13,13,10000,LPT_flow_mod,-0.00824084356979871,-0.00389995220013057
DS03,13,14,10000,LPT_flow_mod,-0.015312923026394,-0.00389995220013057
DS03,13,15,10000,LPT_flow_mod,-0.0303129486494709,-0.00413826046083744
DS03,13,16,10000,LPT_flow_mod,-0.0470096243006098,-0.00488297300046909
DS03,13,17,10000,LPT_flow_mod,-0.0108869808166023,-0.00488297300046909
DS03,13,18,10000,LPT_flow_mod,-0.0424323829595938,-0.00488297300046909
DS03,13,19,10000,LPT_flow_mod,-0.0542415831906138,-0.00629781426756578
DS03,13,20,10000,LPT_flow_mod,-0.0400086791054838,-0.00629781426756578
DS03,13,21,10000,LPT_flow_mod,-0.012456049598614,-0.00629781426756578
DS03,13,22,10000,LPT_flow_mod,-0.0559171972642848,-0.00629781426756578
DS03,13,23,10000,LPT_flow_mod,-0.036585647801371,-0.00629781426756578
DS03,13,24,10000,LPT_flow_mod,-0.0771420280650498,-0.00790521989907716
DS03,13,25,10000,LPT_flow_mod,-0.0576256659760118,-0.0085619105095857
DS03,13,26,10000,LPT_flow_mod,-0.0882937463864498,-0.0085619105095857
DS03,13,27,10000,LPT_flow_mod,-0.0736068518515338,-0.0085619105095857
DS03,13,28,10000,LPT_flow_mod,-0.0592223889384698,-0.0085619105095857
DS03,13,29,10000,LPT_flow_mod,-0.0971898420116578,-0.0107785267942401
DS03,13,30,10000,LPT_flow_mod,-0.0712085680910508,-0.0108859165179746
DS03,13,31,10000,LPT_flow_mod,-0.0671784309654678,-0.0108859165179746
DS03,13,32,10000,LPT_flow_mod,-0.0817856419566508,-0.0108859165179746
DS03,13,33,10000,LPT_flow_mod,-0.118535160214301,-0.0134831949400545
DS03,13,34,10000,LPT_flow_mod,-0.108262573642694,-0.0134831949400545
DS03,13,35,10000,LPT_flow_mod,-0.0808576522674268,-0.0134831949400545
DS03,13,36,10000,LPT_flow_mod,-0.0788630874108088,-0.0134831949400545
DS03,13,37,10000,LPT_flow_mod,-0.0750672591741988,-0.0136693854205247
DS03,13,38,10000,LPT_flow_mod,-0.106669746605588,-0.0136693854205247
DS03,13,39,10000,LPT_flow_mod,-0.0728116870975108,-0.0136693854205247
DS03,13,40,10000,LPT_flow_mod,-0.140813034632703,-0.0197129061982378
DS03,13,41,10000,LPT_flow_mod,-0.104209165248796,-0.0197129061982378
DS03,13,42,10000,LPT_flow_mod,-0.139632573593571,-0.020995989131216
DS03,13,43,10000,LPT_flow_mod,-0.171114072606397,-0.0237533992647804
DS03,13,44,10000,LPT_flow_mod,-0.16321445200134,-0.0237533992647804
DS03,13,45,10000,LPT_flow_mod,-0.152882566413287,-0.0245015974569459
DS03,13,46,10000,LPT_flow_mod,-0.145048850097099,-0.0245015974569459
DS03,13,47,10000,LPT_flow_mod,-0.215057622155164,-0.0279893230984124
DS03,13,48,10000,LPT_flow_mod,-0.206191908166537,-0.0310040718381737
DS03,13,49,10000,LPT_flow_mod,-0.151547321552759,-0.0310040718381737
DS03,13,50,10000,LPT_flow_mod,-0.2546201709349,-0.0344810607131423
DS03,13,51,10000,LPT_flow_mod,-0.213003121696707,-0.0344810607131423
DS03,13,52,10000,LPT_flow_mod,-0.19932057036086,-0.0344810607131423
DS03,13,53,10000,LPT_flow_mod,-0.205299236860511,-0.0357810743299157
DS03,13,54,10000,LPT_flow_mod,-0.202059516035444,-0.0357810743299157
DS03,13,55,10000,LPT_flow_mod,-0.2764132593616,-0.0418027204198711
DS03,13,56,10000,LPT_flow_mod,-0.239949475213987,-0.0418027204198711
DS03,13,57,10000,LPT_flow_mod,-0.269312518325209,-0.0465563440098373
DS03,13,58,10000,LPT_flow_mod,-0.287672066117163,-0.0465563440098373
DS03,13,59,10000,LPT_flow_mod,-0.265378185589916,-0.0465563440098373
DS03,13,60,10000,LPT_flow_mod,-0.255786182643221,-0.0466013260999245
DS03,13,61,10000,LPT_flow_mod,-0.281276484094461,-0.0521557125851846
DS03,13,62,10000,LPT_flow_mod,-0.276941017194062,-0.0548338071961475
DS03,13,63,10000,LPT_flow_mod,-0.33398560314543,-0.0558180474624482
DS03,13,64,10000,LPT_flow_mod,-0.326054436948612,-0.0577346150785644
DS03,13,65,10000,LPT_flow_mod,-0.362974394261813,-0.0655304980698228
DS03,13,66,10000,LPT_flow_mod,-0.382968295462659,-0.0655304980698228
DS03,13,67,10000,LPT_flow_mod,-0.389194586628358,-0.0720585154441342
DS03,13,68,10000,LPT_flow_mod,-0.428616774958332,-0.0729622794788804
DS03,13,69,10000,LPT_flow_mod,-0.39506119169573,-0.0768700362584539
DS03,13,70,10000,LPT_flow_mod,-0.464301862690822,-0.0809698265237773
DS03,13,71,10000,LPT_flow_mod,-0.428003727809297,-0.0809698265237773
DS03,13,72,10000,LPT_flow_mod,-0.45576563419783,-0.0853966089995325
DS03,13,73,10000,LPT_flow_mod,-0.447113641921827,-0.0920386769327039
DS03,13,74,10000,LPT_flow_mod,-0.500886682220867,-0.0965028981282428
DS03,13,75,10000,LPT_flow_mod,-0.49982711699859,-0.100110207241218
DS03,13,76,10000,LPT_flow_mod,-0.560008306996634,-0.106279570796885
DS03,13,77,10000,LPT_flow_mod,-0.520398860615924,-0.109034991489055
DS03,13,1,10000,LPC_eff_mod,0,-0
DS03,13,2,10000,LPC_eff_mod,0,-0
DS03,13,3,10000,LPC_eff_mod,0,-3.93159088376496e-05
DS03,13,4,10000,LPC_eff_mod,0,-3.93159088376496e-05
DS03,13,5,10000,LPC_eff_mod,0,-3.93159088376496e-05
DS03,13,6,10000,LPC_eff_mod,0,-3.93159088376496e-05
DS03,13,7,10000,LPC_eff_mod,0,-3.93159088376496e-05
DS03,13,8,10000,LPC_eff_mod,0,-3.93159088376496e-05
DS03,13,9,10000,LPC_eff_mod,0,-0.00246929270023705
DS03,13,10,10000,LPC_eff_mod,0,-0.00246929270023705
DS03,13,11,10000,LPC_eff_mod,0,-0.00246929270023705
DS03,13,12,10000,LPC_eff_mod,0,-0.00246929270023705
DS03,13,13,10000,LPC_eff_mod,0,-0.00246929270023705
DS03,13,14,10000,LPC_eff_mod,0,-0.00246929270023705
DS03,13,15,10000,LPC_eff_mod,0,-0.00246929270023705
DS03,13,16,10000,LPC_eff_mod,0,-0.00246929270023705
DS03,13,17,10000,LPC_eff_mod,0,-0.00323124791777461
DS03,13,18,10000,LPC_eff_mod,0,-0.00323124791777461
DS03,13,19,10000,LPC_eff_mod,0,-0.00323124791777461
DS03,13,20,10000,LPC_eff_mod,0,-0.00323124791777461
DS03,13,21,10000,LPC_eff_mod,0,-0.00323124791777461
DS03,13,22,10000,LPC_eff_mod,0,-0.00323124791777461
DS03,13,23,10000,LPC_eff_mod,0,-0.00323124791777461
DS03,13,24,10000,LPC_eff_mod,0,-0.00323124791777461
DS03,13,25,10000,LPC_eff_mod,0,-0.00323124791777461
DS03,13,26,10000,LPC_eff_mod,0,-0.00323124791777461
DS03,13,27,10000,LPC_eff_mod,0,-0.00323124791777461
DS03,13,28,10000,LPC_eff_mod,0,-0.00323124791777461
DS03,13,29,10000,LPC_eff_mod,0,-0.00323124791777461
DS03,13,30,10000,LPC_eff_mod,0,-0.00323124791777461
DS03,13,31,10000,LPC_eff_mod,0,-0.00488722046383947
DS03,13,32,10000,LPC_eff_mod,0,-0.00488722046383947
DS03,13,33,10000,LPC_eff_mod,0,-0.00488722046383947
DS03,13,34,10000,LPC_eff_mod,0,-0.00488722046383947
DS03,13,35,10000,LPC_eff_mod,0,-0.00488722046383947
DS03,13,36,10000,LPC_eff_mod,0,-0.00488722046383947
DS03,13,37,10000,LPC_eff_mod,0,-0.00488722046383947
DS03,13,38,10000,LPC_eff_mod,0,-0.00488722046383947
DS03,13,39,10000,LPC_eff_mod,0,-0.00488722046383947
DS03,13,40,10000,LPC_eff_mod,0,-0.00488722046383947
DS03,13,41,10000,LPC_eff_mod,0,-0.00488722046383947
DS03,13,42,10000,LPC_eff_mod,0,-0.00674568040655963
DS03,13,43,10000,LPC_eff_mod,0,-0.00674568040655963
DS03,13,44,10000,LPC_eff_mod,0,-0.00674568040655963
DS03,13,45,10000,LPC_eff_mod,0,-0.0106210499681366
DS03,13,46,10000,LPC_eff_mod,0,-0.0117216453845847
DS03,13,47,10000,LPC_eff_mod,0,-0.0127682810053916
DS03,13,48,10000,LPC_eff_mod,0,-0.0127682810053916
DS03,13,49,10000,LPC_eff_mod,0,-0.0127682810053916
DS03,13,50,10000,LPC_eff_mod,0,-0.0127682810053916
DS03,13,51,10000,LPC_eff_mod,0,-0.0127682810053916
DS03,13,52,10000,LPC_eff_mod,0,-0.0127682810053916
DS03,13,53,10000,LPC_eff_mod,0,-0.0127682810053916
DS03,13,54,10000,LPC_eff_mod,0,-0.0127682810053916
DS03,13,55,10000,LPC_eff_mod,0,-0.0127682810053916
DS03,13,56,10000,LPC_eff_mod,0,-0.0127682810053916
DS03,13,57,10000,LPC_eff_mod,0,-0.0140999063967357
DS03,13,58,10000,LPC_eff_mod,0,-0.0140999063967357
DS03,13,59,10000,LPC_eff_mod,0,-0.0140999063967357
DS03,13,60,10000,LPC_eff_mod,0,-0.0140999063967357
DS03,13,61,10000,LPC_eff_mod,0,-0.0140999063967357
DS03,13,62,10000,LPC_eff_mod,0,-0.0140999063967357
DS03,13,63,10000,LPC_eff_mod,0,-0.0140999063967357
DS03,13,64,10000,LPC_eff_mod,0,-0.0140999063967357
DS03,13,65,10000,LPC_eff_mod,0,-0.0175503349383532
DS03,13,66,10000,LPC_eff_mod,0,-0.0175503349383532
DS03,13,67,10000,LPC_eff_mod,0,-0.0175503349383532
DS03,13,68,10000,LPC_eff_mod,0,-0.0175503349383532
DS03,13,69,10000,LPC_eff_mod,0,-0.0175503349383532
DS03,13,70,10000,LPC_eff_mod,0,-0.0175503349383532
DS03,13,71,10000,LPC_eff_mod,0,-0.0175503349383532
DS03,13,72,10000,LPC_eff_mod,0,-0.0175503349383532
DS03,13,73,10000,LPC_eff_mod,0,-0.0175503349383532
DS03,13,74,10000,LPC_eff_mod,0,-0.0175503349383532
DS03,13,75,10000,LPC_eff_mod,0,-0.0181958066424285
DS03,13,76,10000,LPC_eff_mod,0,-0.0181958066424285
DS03,13,77,10000,LPC_eff_mod,0,-0.0181958066424285
DS03,13,1,10000,LPC_flow_mod,0,-0
DS03,13,2,10000,LPC_flow_mod,0,-0
DS03,13,3,10000,LPC_flow_mod,0,-0
DS03,13,4,10000,LPC_flow_mod,0,-0
DS03,13,5,10000,LPC_flow_mod,0,-0
DS03,13,6,10000,LPC_flow_mod,0,-0
DS03,13,7,10000,LPC_flow_mod,0,-0
DS03,13,8,10000,LPC_flow_mod,0,-0
DS03,13,9,10000,LPC_flow_mod,0,-0
DS03,13,10,10000,LPC_flow_mod,0,-0
DS03,13,11,10000,LPC_flow_mod,0,-0
DS03,13,12,10000,LPC_flow_mod,0,-0
DS03,13,13,10000,LPC_flow_mod,0,-0
DS03,13,14,10000,LPC_flow_mod,0,-0
DS03,13,15,10000,LPC_flow_mod,0,-0
DS03,13,16,10000,LPC_flow_mod,0,-0
DS03,13,17,10000,LPC_flow_mod,0,-0
DS03,13,18,10000,LPC_flow_mod,0,-0
DS03,13,19,10000,LPC_flow_mod,0,-0
DS03,13,20,10000,LPC_flow_mod,0,-0
DS03,13,21,10000,LPC_flow_mod,0,-0
DS03,13,22,10000,LPC_flow_mod,0,-0
DS03,13,23,10000,LPC_flow_mod,0,-0
DS03,13,24,10000,LPC_flow_mod,0,-0
DS03,13,25,10000,LPC_flow_mod,0,-0
DS03,13,26,10000,LPC_flow_mod,0,-0
DS03,13,27,10000,LPC_flow_mod,0,-0
DS03,13,28,10000,LPC_flow_mod,0,-0
DS03,13,29,10000,LPC_flow_mod,0,-0
DS03,13,30,10000,LPC_flow_mod,0,-0
DS03,13,31,10000,LPC_flow_mod,0,-0
DS03,13,32,10000,LPC_flow_mod,0,-0
DS03,13,33,10000,LPC_flow_mod,0,-0
DS03,13,34,10000,LPC_flow_mod,0,-0
DS03,13,35,10000,LPC_flow_mod,0,-0
DS03,13,36,10000,LPC_flow_mod,0,-0
DS03,13,37,10000,LPC_flow_mod,0,-0
DS03,13,38,10000,LPC_flow_mod,0,-0
DS03,13,39,10000,LPC_flow_mod,0,-0
DS03,13,40,10000,LPC_flow_mod,0,-0
DS03,13,41,10000,LPC_flow_mod,0,-0
DS03,13,42,10000,LPC_flow_mod,0,-0
DS03,13,43,10000,LPC_flow_mod,0,-0
DS03,13,44,10000,LPC_flow_mod,0,-0
DS03,13,45,10000,LPC_flow_mod,0,-0
DS03,13,46,10000,LPC_flow_mod,0,-0
DS03,13,47,10000,LPC_flow_mod,0,-0
DS03,13,48,10000,LPC_flow_mod,0,-0
DS03,13,49,10000,LPC_flow_mod,0,-0
DS03,13,50,10000,LPC_flow_mod,0,-0
DS03,13,51,10000,LPC_flow_mod,0,-0
DS03,13,52,10000,LPC_flow_mod,0,-0
DS03,13,53,10000,LPC_flow_mod,0,-0
DS03,13,54,10000,LPC_flow_mod,0,-0
DS03,13,55,10000,LPC_flow_mod,0,-0
DS03,13,56,10000,LPC_flow_mod,0,-0
DS03,13,57,10000,LPC_flow_mod,0,-0
DS03,13,58,10000,LPC_flow_mod,0,-0
DS03,13,59,10000,LPC_flow_mod,0,-0
DS03,13,60,10000,LPC_flow_mod,0,-0
DS03,13,61,10000,LPC_flow_mod,0,-0
DS03,13,62,10000,LPC_flow_mod,0,-0
DS03,13,63,10000,LPC_flow_mod,0,-0
DS03,13,64,10000,LPC_flow_mod,0,-0
DS03,13,65,10000,LPC_flow_mod,0,-0
DS03,13,66,10000,LPC_flow_mod,0,-0
DS03,13,67,10000,LPC_flow_mod,0,-0
DS03,13,68,10000,LPC_flow_mod,0,-0
DS03,13,69,10000,LPC_flow_mod,0,-0
DS03,13,70,10000,LPC_flow_mod,0,-0
DS03,13,71,10000,LPC_flow_mod,0,-0
DS03,13,72,10000,LPC_flow_mod,0,-0
DS03,13,73,10000,LPC_flow_mod,0,-0
DS03,13,74,10000,LPC_flow_mod,0,-0
DS03,13,75,10000,LPC_flow_mod,0,-0
DS03,13,76,10000,LPC_flow_mod,0,-0
DS03,13,77,10000,LPC_flow_mod,0,-0
