subset,unit,parameter,is_fault,rmse_pct,terminal_abs_error_pct,Z_zero_rmse_pct
DS02,11,HPT_eff_mod,1,0.0402726864921408,0.0880663884241018,0.397737196862457
DS02,11,fan_eff_mod,0,0.00239927495603606,0.00532004619783394,0
DS02,11,fan_flow_mod,0,0.0121006916150471,0.01856858398545,0
DS02,11,HPC_eff_mod,0,0.0124339118471201,0.0375041289369551,0
DS02,11,HPC_flow_mod,0,0.00495578804836752,0.0144520535198206,0
DS02,11,LPT_eff_mod,1,0.0169835802499016,0.0311675720125524,0.162960344369364
DS02,11,LPT_flow_mod,1,0.0881147479383959,0.194129000564411,0.406289095947613
DS02,11,LPC_eff_mod,0,0.0468420971869023,0.11995098492885,0
DS02,11,LPC_flow_mod,0,0.0142652432095268,0.0182622353701947,0
DS02,14,HPT_eff_mod,1,0.071054697080452,0.188763205618274,0.224112009999264
DS02,14,fan_eff_mod,0,0.00927620940815825,0.0101085148473208,0
DS02,14,fan_flow_mod,0,0.00744651523054779,0.0174457830118709,0
DS02,14,HPC_eff_mod,0,0.0429267168157032,0.118460189849766,0
DS02,14,HPC_flow_mod,0,0,0,0
DS02,14,LPT_eff_mod,1,0.124953431236272,0.329196672500974,0.290037281244735
DS02,14,LPT_flow_mod,1,0.224960290456741,0.600061203493997,0.608051975994413
DS02,14,LPC_eff_mod,0,0.0237819102628529,0.0435528903992978,0
DS02,14,LPC_flow_mod,0,0.0175547276850373,0.0446173103610386,0
DS02,15,HPT_eff_mod,1,0.0282232624919786,0.0542397633198505,0.339810834575503
DS02,15,fan_eff_mod,0,0.0433519467317203,0.0887222799550014,0
DS02,15,fan_flow_mod,0,0.00760625636872612,0.00882831380509513,0
DS02,15,HPC_eff_mod,0,0.0262409407891468,0.0555376562017519,0
DS02,15,HPC_flow_mod,0,0.00179884035708999,0.0021034489861518,0
DS02,15,LPT_eff_mod,1,0.0359763303817474,0.0567278690270916,0.365222236311981
DS02,15,LPT_flow_mod,1,0.025699332548751,0.0260163986897832,0.359315398892221
DS02,15,LPC_eff_mod,0,0,0,0
DS02,15,LPC_flow_mod,0,0.00311962252067233,0.00737485045468496,0
DS03,10,HPT_eff_mod,1,0.0179540311896646,0.0241984012844205,0.284094744907588
DS03,10,fan_eff_mod,0,0.0725520344800244,0.185206171211824,0
DS03,10,fan_flow_mod,0,0.00759837270793614,0.00771618396150137,0
DS03,10,HPC_eff_mod,0,0.0165215750570753,0.0285409959265449,0
DS03,10,HPC_flow_mod,0,0,0,0
DS03,10,LPT_eff_mod,1,0.10151461451573,0.235331595708194,0.729661691220006
DS03,10,LPT_flow_mod,1,0.0388604737308078,0.0954649912891306,0.219716651913499
DS03,10,LPC_eff_mod,0,0,0,0
DS03,10,LPC_flow_mod,0,0.0350415230980523,0.0548219697483379,0
DS03,11,HPT_eff_mod,1,0.0441312877044311,0.105728784582346,0.397737196862457
DS03,11,fan_eff_mod,0,0.00313548703585393,0.00694944499794235,0
DS03,11,fan_flow_mod,0,0.0144515685243226,0.0266717506266945,0
DS03,11,HPC_eff_mod,0,0.0175406221292197,0.0534873855138028,0
DS03,11,HPC_flow_mod,0,0.00320846442908577,0.00927466766047007,0
DS03,11,LPT_eff_mod,1,0.02420717830954,0.0516463839659078,0.162960344369364
DS03,11,LPT_flow_mod,1,0.0730159286850429,0.156322768738854,0.406289095947613
DS03,11,LPC_eff_mod,0,0.0311584418500612,0.0626793580107807,0
DS03,11,LPC_flow_mod,0,0.01314181461419,0.0168240322405106,0
DS03,12,HPT_eff_mod,1,0.0798541912835375,0.194985777771428,0.365233186953691
DS03,12,fan_eff_mod,0,0.0087815745103561,0.0178730772508363,0
DS03,12,fan_flow_mod,0,0.0114970217069139,0.0189763676911425,0
DS03,12,HPC_eff_mod,0,0.036949165907491,0.0937711755554076,0
DS03,12,HPC_flow_mod,0,0,0,0
DS03,12,LPT_eff_mod,1,0.022993198518188,0.0462366742486381,0.256148574156477
DS03,12,LPT_flow_mod,1,0.0690636740359804,0.177068736098564,0.264948816669758
DS03,12,LPC_eff_mod,0,0.0130836756182849,0.0134956309819471,0
DS03,12,LPC_flow_mod,0,0.0474259570712721,0.0706933200564261,0
DS03,13,HPT_eff_mod,1,0.014721922704259,0.0178525751823966,0.28744751701814
DS03,13,fan_eff_mod,0,0.0655527433138488,0.169904901580146,0
DS03,13,fan_flow_mod,0,0,0,0
DS03,13,HPC_eff_mod,0,0.0111437240594768,0.0305649654532714,0
DS03,13,HPC_flow_mod,0,0,0,0
DS03,13,LPT_eff_mod,1,0.0837150109962924,0.191071925014555,0.716044305525437
DS03,13,LPT_flow_mod,1,0.0333159954242346,0.0611363574016099,0.230353620329013
DS03,13,LPC_eff_mod,0,0,0,0
DS03,13,LPC_flow_mod,0,0.0191909596062592,0.0559538514314056,0
DS03,14,HPT_eff_mod,1,0.0697960194004612,0.187971012173715,0.224112009999264
DS03,14,fan_eff_mod,0,0.00051553398684567,0.000561790137655226,0
DS03,14,fan_flow_mod,0,0.00708294785902283,0.0204173735082911,0
DS03,14,HPC_eff_mod,0,0.0378407011404217,0.101110467800459,0
DS03,14,HPC_flow_mod,0,0,0,0
DS03,14,LPT_eff_mod,1,0.122527541737931,0.321572531990531,0.290037281244735
DS03,14,LPT_flow_mod,1,0.23587441563097,0.630135688193965,0.608051975994413
DS03,14,LPC_eff_mod,0,0.0220404275827465,0.0395567649059249,0
DS03,14,LPC_flow_mod,0,0.0153716430657467,0.036676298954429,0
DS03,15,HPT_eff_mod,1,0.0314328601139528,0.0685546976268132,0.339810834575503
DS03,15,fan_eff_mod,0,0.0341640149167911,0.0692345102638101,0
DS03,15,fan_flow_mod,0,0.00249694206274295,0.00526965889489376,0
DS03,15,HPC_eff_mod,0,0.0299377066773156,0.072951803455315,0
DS03,15,HPC_flow_mod,0,0.0027943066781322,0.0064781788871955,0
DS03,15,LPT_eff_mod,1,0.0454308345740836,0.0800269195168285,0.365222236311981
DS03,15,LPT_flow_mod,1,0.0260822510843182,0.0168234215636706,0.359315398892221
DS03,15,LPC_eff_mod,0,0.00177736972418367,0.00207834259978414,0
DS03,15,LPC_flow_mod,0,0.0127499127548263,0.0329490136318749,0
