perturbation,amplitude,seed,channel,regime,subset,unit,RMSE,detection_F1,isolation_macroF1,stage_kappa,stage_MAE,input_MSE
noise,0,43,NaN,test_id,DS01-005_id,4,0.101005445553967,0.878787878787879,0.21969696969697,0.84385506163616,0.315789473684211,0
noise,0,43,NaN,test_id,DS04_id,6,0.0281610233554897,0.928,0.298734463276836,0.944703530979347,0.144578313253012,0
noise,0,43,NaN,test_id,DS05_id,2,0.00556070961666114,0.862385321100917,0.560477646716179,0.865694551036071,0.3125,0
noise,0,43,NaN,test_id,DS07_id,3,0.0215581839664629,0.96078431372549,0.467000202142713,0.902985074626866,0.205128205128205,0
noise,0,43,NaN,test_id,DS06_id,4,0.0176579133833316,0.990825688073394,0.526875658520289,0.951882578174856,0.126436781609195,0
noise,0,43,NaN,ood_combo,DS02,11,0.0280882089193709,0.881720430107527,0.926927782815851,0.662566094744793,0.525423728813559,0
noise,0,43,NaN,ood_combo,DS03,10,0.0382648661561722,0.924528301886792,0.706901306240929,0.929336188436831,0.166666666666667,0
noise,0.25,43,NaN,test_id,DS01-005_id,4,0.142417095283179,0.90625,0.138047138047138,0.837038333625066,0.263157894736842,0.0634261098003151
noise,0.25,43,NaN,test_id,DS04_id,6,0.0284761893127272,0.928,0.298734463276836,0.944703530979347,0.144578313253012,0.0645908174044545
noise,0.25,43,NaN,test_id,DS05_id,2,0.00564387814923283,0.862385321100917,0.560477646716179,0.870229007633588,0.3,0.0581244348444728
noise,0.25,43,NaN,test_id,DS07_id,3,0.00931900618612448,0.96078431372549,0.467000202142713,0.923835954363244,0.141025641025641,0.0646751579926619
noise,0.25,43,NaN,test_id,DS06_id,4,0.0176495378333459,0.990825688073394,0.649382746578523,0.970550901243971,0.0689655172413793,0.0656329696531887
noise,0.25,43,NaN,ood_combo,DS02,11,0.0298080123336293,0.881720430107527,0.952442186108032,0.662566094744793,0.525423728813559,0.0603448107507124
noise,0.25,43,NaN,ood_combo,DS03,10,0.0433032372211009,0.882882882882883,0.698964698964699,0.896248166002934,0.227272727272727,0.0664559235939945
noise,0.5,43,NaN,test_id,DS01-005_id,4,0.15259229825618,0.90625,0,0.836713647301478,0.273684210526316,0.25370443920126
noise,0.5,43,NaN,test_id,DS04_id,6,0.0293422754180632,0.977099236641221,0.295829314225346,0.970452118191527,0.072289156626506,0.258363269617818
noise,0.5,43,NaN,test_id,DS05_id,2,0.00676452047704189,0.862385321100917,0.336286588029707,0.864655839133797,0.3125,0.232497739377891
noise,0.5,43,NaN,test_id,DS07_id,3,0.00740270298058166,0.96078431372549,0.467000202142713,0.91689497716895,0.166666666666667,0.258700631970647
noise,0.5,43,NaN,test_id,DS06_id,4,0.0181980382494177,0.990825688073394,0.649382746578523,0.970550901243971,0.0689655172413793,0.262531878612755
noise,0.5,43,NaN,ood_combo,DS02,11,0.0757670167540762,0.881720430107527,0.65820995827315,0.662566094744793,0.525423728813559,0.24137924300285
noise,0.5,43,NaN,ood_combo,DS03,10,0.0609605290124506,0.98989898989899,0.645553961292496,0.945990180032733,0.151515151515152,0.265823694375978
noise,1,43,NaN,test_id,DS01-005_id,4,0.153725665016169,0.90625,0,0.836713647301478,0.273684210526316,1.01481775680504
noise,1,43,NaN,test_id,DS04_id,6,0.0323113572730823,0.977099236641221,0.295829314225346,0.965582607665423,0.0843373493975904,1.03345307847127
noise,1,43,NaN,test_id,DS05_id,2,0.00979858485297726,0.862385321100917,0.336286588029707,0.864655839133797,0.3125,0.929990957511564
noise,1,43,NaN,test_id,DS07_id,3,0.012841368120092,0.96078431372549,0.37360016171417,0.920343137254902,0.153846153846154,1.03480252788259
noise,1,43,NaN,test_id,DS06_id,4,0.0199258190706938,0.827067669172932,0.622089743428446,0.87340193327097,0.32183908045977,1.05012751445102
noise,1,43,NaN,ood_combo,DS02,11,0.120295032860837,0.881720430107527,0.371344086021505,0.662566094744793,0.525423728813559,0.965516972011398
noise,1,43,NaN,ood_combo,DS03,10,0.0629452452427409,0.882882882882883,0.623125045660257,0.853897978825794,0.348484848484849,1.06329477750391
bias,0.25,43,2,test_id,DS01-005_id,4,0.101486610793191,0.878787878787879,0.175757575757576,0.84385506163616,0.315789473684211,0.00480769230769231
bias,0.25,43,2,test_id,DS04_id,6,0.0281264488816341,0.928,0.298734463276836,0.944703530979347,0.144578313253012,0.00480769230769231
bias,0.25,43,5,test_id,DS05_id,2,0.00416846171361243,0.862385321100917,0.571412390984256,0.880860876249039,0.2625,0.00480769230769231
bias,0.25,43,9,test_id,DS07_id,3,0.0222043226997019,0.96078431372549,0.622666936190284,0.902985074626866,0.205128205128205,0.00480769230769231
bias,0.25,43,1,test_id,DS06_id,4,0.0173992399746719,0.990825688073394,0.526875658520289,0.955893536121673,0.114942528735632,0.00480769230769231
bias,0.25,43,6,ood_combo,DS02,11,0.0278568321604917,0.854166666666667,0.90794630133437,0.626159764652636,0.576271186440678,0.00480769230769231
bias,0.25,43,4,ood_combo,DS03,10,0.0367113972587425,0.924528301886792,0.718237338629593,0.941798941798942,0.136363636363636,0.00480769230769231
bias,0.5,43,2,test_id,DS01-005_id,4,0.102084677102857,0.778523489932886,0.175757575757576,0.800599700149925,0.452631578947368,0.0192307692307692
bias,0.5,43,2,test_id,DS04_id,6,0.0283370076738222,0.928,0.297116809116809,0.944703530979347,0.144578313253012,0.0192307692307692
bias,0.5,43,5,test_id,DS05_id,2,0.00429480208333292,0.862385321100917,0.574923547400612,0.884437596302003,0.25,0.0192307692307692
bias,0.5,43,9,test_id,DS07_id,3,0.0223112472837504,0.96078431372549,0.467000202142713,0.902985074626866,0.205128205128205,0.0192307692307692
bias,0.5,43,1,test_id,DS06_id,4,0.0171529911266061,0.901639344262295,0.532132106985083,0.914189093983373,0.241379310344828,0.0192307692307692
bias,0.5,43,6,ood_combo,DS02,11,0.0300405865420882,0.854166666666667,0.683971774193548,0.626159764652636,0.576271186440678,0.0192307692307692
bias,0.5,43,4,ood_combo,DS03,10,0.0445281174165691,0.882882882882883,0.5742995951417,0.581521739130435,0.454545454545455,0.0192307692307692
bias,1,43,2,test_id,DS01-005_id,4,0.0993247857411767,0.778523489932886,0.175757575757576,0.40585495675316,0.789473684210526,0.0769230769230769
bias,1,43,2,test_id,DS04_id,6,0.0296784271804093,0.917808219178082,0.295471264367816,0.538274700305571,0.566265060240964,0.0769230769230769
bias,1,43,5,test_id,DS05_id,2,0.0052760725034178,0.862385321100917,0.574923547400612,0.878048780487805,0.275,0.0769230769230769
bias,1,43,9,test_id,DS07_id,3,0.0180657825307019,0.96078431372549,0.432056543547652,0.902985074626866,0.205128205128205,0.0769230769230769
bias,1,43,1,test_id,DS06_id,4,0.0167097219173547,0.901639344262295,0.543527064742108,0.914189093983373,0.241379310344828,0.0769230769230769
bias,1,43,6,ood_combo,DS02,11,0.0397108376993589,0.854166666666667,0.407411876161876,0.552449068053749,0.711864406779661,0.0769230769230769
bias,1,43,4,ood_combo,DS03,10,0.055884880819877,0.882882882882883,0.453725671918443,0.593505039193729,0.439393939393939,0.0769230769230769
missing_channel,1,0,1,test_id,DS01-005_id,4,0.104807933762681,0.878787878787879,0.21969696969697,0.84385506163616,0.315789473684211,0
missing_channel,1,0,1,test_id,DS04_id,6,0.0281653583684016,0.928,0.298734463276836,0.944703530979347,0.144578313253012,0
missing_channel,1,0,1,test_id,DS05_id,2,0.00557361448945885,0.862385321100917,0.560477646716179,0.865694551036071,0.3125,0
missing_channel,1,0,1,test_id,DS07_id,3,0.0171051889562593,0.96078431372549,0.467000202142713,0.902985074626866,0.205128205128205,0
missing_channel,1,0,1,test_id,DS06_id,4,0.0173797627284595,0.990825688073394,0.526875658520289,0.951882578174856,0.126436781609195,0
missing_channel,1,0,1,ood_combo,DS02,11,0.0283117133610253,0.881720430107527,0.926927782815851,0.662566094744793,0.525423728813559,0
missing_channel,1,0,1,ood_combo,DS03,10,0.0355401036843521,0.924528301886792,0.706901306240929,0.929336188436831,0.166666666666667,0
missing_channel,1,0,2,test_id,DS01-005_id,4,0.0925408773159874,0.878787878787879,0.175757575757576,0.839255499153976,0.326315789473684,0
missing_channel,1,0,2,test_id,DS04_id,6,0.0320963785131591,0.928,0.358481355932203,0.944703530979347,0.144578313253012,0
missing_channel,1,0,2,test_id,DS05_id,2,0.086283412745733,0.912280701754386,0.245070039439684,0.925606891151135,0.2375,0
missing_channel,1,0,2,test_id,DS07_id,3,0.0145451292125664,0.907216494845361,0.450762457044674,0.849599525363394,0.269230769230769,0
missing_channel,1,0,2,test_id,DS06_id,4,0.0891448713772139,0.814814814814815,0.548199661235965,0.67375,0.482758620689655,0
missing_channel,1,0,2,ood_combo,DS02,11,0.0288463093579842,0.881720430107527,0.926927782815851,0.662566094744793,0.525423728813559,0
missing_channel,1,0,2,ood_combo,DS03,10,0.0183962416358574,0.924528301886792,0.697722984562607,0.929336188436831,0.166666666666667,0
missing_channel,1,0,3,test_id,DS01-005_id,4,0.0738554747975226,0.878787878787879,0.21969696969697,0.839255499153976,0.326315789473684,0
missing_channel,1,0,3,test_id,DS04_id,6,0.0281193487473047,0.928,0.298734463276836,0.944703530979347,0.144578313253012,0
missing_channel,1,0,3,test_id,DS05_id,2,0.00515214311881687,0.862385321100917,0.571412390984256,0.880860876249039,0.2625,0
missing_channel,1,0,3,test_id,DS07_id,3,0.0197607671258613,0.96078431372549,0.622666936190284,0.902985074626866,0.205128205128205,0
missing_channel,1,0,3,test_id,DS06_id,4,0.0176659402009298,0.990825688073394,0.526875658520289,0.955893536121673,0.114942528735632,0
missing_channel,1,0,3,ood_combo,DS02,11,0.032366039238885,0.881720430107527,0.85602831191638,0.662566094744793,0.525423728813559,0
missing_channel,1,0,3,ood_combo,DS03,10,0.0376376451475154,0.924528301886792,0.706901306240929,0.929336188436831,0.166666666666667,0
missing_channel,1,0,4,test_id,DS01-005_id,4,0.100908924304239,0.846715328467153,0.175757575757576,0.767761650114591,0.4,0
missing_channel,1,0,4,test_id,DS04_id,6,0.0283673874661193,0.928,0.448101694915254,0.944703530979347,0.144578313253012,0
missing_channel,1,0,4,test_id,DS05_id,2,0.0115881549665186,0.862385321100917,0.391630591630592,0.861111111111111,0.325,0
missing_channel,1,0,4,test_id,DS07_id,3,0.0207885423641085,0.96078431372549,0.622666936190284,0.918648310387985,0.153846153846154,0
missing_channel,1,0,4,test_id,DS06_id,4,0.0157898533042762,0.873015873015873,0.576483371126228,0.889085025007355,0.298850574712644,0
missing_channel,1,0,4,ood_combo,DS02,11,0.0282995653019461,0.881720430107527,0.926927782815851,0.662566094744793,0.525423728813559,0
missing_channel,1,0,4,ood_combo,DS03,10,0.0326143723895952,0.924528301886792,0.718237338629593,0.941798941798942,0.136363636363636,0
missing_channel,1,0,5,test_id,DS01-005_id,4,0.12832469072185,0.974789915966387,0,0.931549150797735,0.157894736842105,0
missing_channel,1,0,5,test_id,DS04_id,6,0.0279553214723583,0.936507936507936,0.297116809116809,0.94876255682137,0.132530120481928,0
missing_channel,1,0,5,test_id,DS05_id,2,0.0420995225769306,0.912280701754386,0.31414373088685,0.889455782312925,0.325,0
missing_channel,1,0,5,test_id,DS07_id,3,0.0290315758335524,0.96078431372549,0.37360016171417,0.918648310387985,0.153846153846154,0
missing_channel,1,0,5,test_id,DS06_id,4,0.0180868567149577,0.901639344262295,0.614640807646736,0.918240766845221,0.229885057471264,0
missing_channel,1,0,5,ood_combo,DS02,11,0.0334516492963546,0.881720430107527,0.631352485563619,0.662566094744793,0.525423728813559,0
missing_channel,1,0,5,ood_combo,DS03,10,0.0456839845738888,0.942307692307692,0.508393162393162,0.943993965679804,0.136363636363636,0
missing_channel,1,0,6,test_id,DS01-005_id,4,0.0961686828547448,0.892307692307692,0.231481481481481,0.866269626421224,0.263157894736842,0
missing_channel,1,0,6,test_id,DS04_id,6,0.0283122748028952,0.928,0.358481355932203,0.944703530979347,0.144578313253012,0
missing_channel,1,0,6,test_id,DS05_id,2,0.00584269572073063,0.862385321100917,0.336286588029707,0.865694551036071,0.3125,0
missing_channel,1,0,6,test_id,DS07_id,3,0.0190281703687401,0.94,0.46180412371134,0.898862956313585,0.179487179487179,0
missing_channel,1,0,6,test_id,DS06_id,4,0.0179436516706651,0.901639344262295,0.517740388487217,0.893110292032889,0.298850574712644,0
missing_channel,1,0,6,ood_combo,DS02,11,0.0322431798684985,0.881720430107527,0.687848166860992,0.662566094744793,0.525423728813559,0
missing_channel,1,0,6,ood_combo,DS03,10,0.0370964319014726,0.924528301886792,0.716328153903071,0.901688182720953,0.196969696969697,0
missing_channel,1,0,7,test_id,DS01-005_id,4,0.112206562509075,0.846715328467153,0.231481481481481,0.77877457530063,0.389473684210526,0
missing_channel,1,0,7,test_id,DS04_id,6,0.0315663174918153,0.977099236641221,0.254671550671551,0.970452118191527,0.072289156626506,0
missing_channel,1,0,7,test_id,DS05_id,2,0.00600315102457172,0.862385321100917,0.571412390984256,0.880860876249039,0.2625,0
missing_channel,1,0,7,test_id,DS07_id,3,0.021316121655959,0.96078431372549,0.622666936190284,0.918648310387985,0.153846153846154,0
missing_channel,1,0,7,test_id,DS06_id,4,0.0186545563797859,0.990825688073394,0.599391369372266,0.951882578174856,0.126436781609195,0
missing_channel,1,0,7,ood_combo,DS02,11,0.0300818184305918,0.881720430107527,0.85602831191638,0.662566094744793,0.525423728813559,0
missing_channel,1,0,7,ood_combo,DS03,10,0.042089405403395,0.96078431372549,0.730196078431373,0.969641214351426,0.0757575757575758,0
missing_channel,1,0,8,test_id,DS01-005_id,4,0.104331615595024,0.878787878787879,0.21969696969697,0.84385506163616,0.315789473684211,0
missing_channel,1,0,8,test_id,DS04_id,6,0.0282289421553491,0.928,0.256058111380145,0.944703530979347,0.144578313253012,0
missing_channel,1,0,8,test_id,DS05_id,2,0.00556052877541667,0.862385321100917,0.560477646716179,0.865694551036071,0.3125,0
missing_channel,1,0,8,test_id,DS07_id,3,0.0194118765710762,0.96078431372549,0.467000202142713,0.902985074626866,0.205128205128205,0
missing_channel,1,0,8,test_id,DS06_id,4,0.0187812731649857,0.990825688073394,0.507475801312968,0.937173442079776,0.172413793103448,0
missing_channel,1,0,8,ood_combo,DS02,11,0.0283666759492325,0.881720430107527,0.881930546773839,0.662566094744793,0.525423728813559,0
missing_channel,1,0,8,ood_combo,DS03,10,0.0401308806873489,0.924528301886792,0.718237338629593,0.941798941798942,0.136363636363636,0
missing_channel,1,0,9,test_id,DS01-005_id,4,0.102217181984308,0.878787878787879,0.21969696969697,0.84385506163616,0.315789473684211,0
missing_channel,1,0,9,test_id,DS04_id,6,0.0281352253931375,0.928,0.298734463276836,0.944703530979347,0.144578313253012,0
missing_channel,1,0,9,test_id,DS05_id,2,0.00556294721843816,0.862385321100917,0.560477646716179,0.865694551036071,0.3125,0
missing_channel,1,0,9,test_id,DS07_id,3,0.0211728402456318,0.96078431372549,0.467000202142713,0.902985074626866,0.205128205128205,0
missing_channel,1,0,9,test_id,DS06_id,4,0.0184462845553088,0.990825688073394,0.526875658520289,0.951882578174856,0.126436781609195,0
missing_channel,1,0,9,ood_combo,DS02,11,0.0284635913500463,0.881720430107527,0.881930546773839,0.662566094744793,0.525423728813559,0
missing_channel,1,0,9,ood_combo,DS03,10,0.0401255024662828,0.924528301886792,0.718237338629593,0.941798941798942,0.136363636363636,0
missing_channel,1,0,10,test_id,DS01-005_id,4,0.0904527992160326,0.846715328467153,0.155913978494624,0.833650551960411,0.336842105263158,0
missing_channel,1,0,10,test_id,DS04_id,6,0.0488388200386503,0.984848484848485,0.364112396694215,0.928755364806867,0.168674698795181,0
missing_channel,1,0,10,test_id,DS05_id,2,0.0449919122678283,0.932330827067669,0.336286588029707,0.768211920529801,0.35,0
missing_channel,1,0,10,test_id,DS07_id,3,0.0542502036981217,0.905982905982906,0.253874145178493,0.853720508166969,0.243589743589744,0
missing_channel,1,0,10,test_id,DS06_id,4,0.101607061728162,0.814814814814815,0.58554355960184,0.594405594405594,0.551724137931034,0
missing_channel,1,0,10,ood_combo,DS02,11,0.0370816692185804,0.881720430107527,0.458565444573995,0.674985947161327,0.457627118644068,0
missing_channel,1,0,10,ood_combo,DS03,10,0.0355248533458728,0.924528301886792,0.471267537493953,0.929336188436831,0.166666666666667,0
missing_channel,1,0,11,test_id,DS01-005_id,4,0.102631422833863,0.878787878787879,0.175757575757576,0.839255499153976,0.326315789473684,0
missing_channel,1,0,11,test_id,DS04_id,6,0.0282194498164849,0.928,0.256058111380145,0.944703530979347,0.144578313253012,0
missing_channel,1,0,11,test_id,DS05_id,2,0.00586442973076876,0.862385321100917,0.560477646716179,0.865694551036071,0.3125,0
missing_channel,1,0,11,test_id,DS07_id,3,0.0250105521434723,0.907216494845361,0.450762457044674,0.849599525363394,0.269230769230769,0
missing_channel,1,0,11,test_id,DS06_id,4,0.0170367500051405,1,0.528186274509804,0.966662408992208,0.103448275862069,0
missing_channel,1,0,11,ood_combo,DS02,11,0.0221673074717203,0.872340425531915,0.918020285213147,0.650811047786059,0.542372881355932,0
missing_channel,1,0,11,ood_combo,DS03,10,0.0334264330406567,0.924528301886792,0.697722984562607,0.929336188436831,0.166666666666667,0
missing_channel,1,0,12,test_id,DS01-005_id,4,0.104677909480438,0.878787878787879,0.187096774193548,0.839255499153976,0.326315789473684,0
missing_channel,1,0,12,test_id,DS04_id,6,0.0280688153565642,0.977099236641221,0.256058111380145,0.970452118191527,0.072289156626506,0
missing_channel,1,0,12,test_id,DS05_id,2,0.00541272592820244,0.862385321100917,0.571412390984256,0.880860876249039,0.2625,0
missing_channel,1,0,12,test_id,DS07_id,3,0.0246067365934377,0.907216494845361,0.450762457044674,0.849599525363394,0.269230769230769,0
missing_channel,1,0,12,test_id,DS06_id,4,0.0173219672274243,1,0.528186274509804,0.966662408992208,0.103448275862069,0
missing_channel,1,0,12,ood_combo,DS02,11,0.0203852264498038,0.872340425531915,0.918020285213147,0.662934186471664,0.474576271186441,0
missing_channel,1,0,12,ood_combo,DS03,10,0.0338496402045692,0.924528301886792,0.706901306240929,0.929336188436831,0.166666666666667,0
missing_channel,1,0,13,test_id,DS01-005_id,4,0.153412836507824,0.878787878787879,0,0.823065902578797,0.294736842105263,0
missing_channel,1,0,13,test_id,DS04_id,6,0.0281828566212268,0.928,0.298734463276836,0.944703530979347,0.144578313253012,0
missing_channel,1,0,13,test_id,DS05_id,2,0.00526532730166452,0.862385321100917,0.560477646716179,0.870229007633588,0.3,0
missing_channel,1,0,13,test_id,DS07_id,3,0.0232734160258991,0.96078431372549,0.467000202142713,0.902985074626866,0.205128205128205,0
missing_channel,1,0,13,test_id,DS06_id,4,0.017433401664224,0.990825688073394,0.526875658520289,0.951882578174856,0.126436781609195,0
missing_channel,1,0,13,ood_combo,DS02,11,0.0324598860329695,0.881720430107527,0.881930546773839,0.662566094744793,0.525423728813559,0
missing_channel,1,0,13,ood_combo,DS03,10,0.0779512545899581,0.942307692307692,0.619524436640328,0.887895583765421,0.257575757575758,0
