subset,unit,N,arm,arm_skill,D_skill,gap_D_minus_arm,D_win
DS02,11,1,Z_zero,0,0.9311191,0.9311191,1
DS02,11,1,E_Lin,0.8990105,0.9311191,0.0321085999999999,1
DS02,11,1,E_MLP,0.1124455,0.9311191,0.8186736,1
DS02,11,1,E_MixLinear,0.6273711,0.9311191,0.303748,1
DS02,11,1,E_WPMixer,-14.08136,0.9311191,15.0124791,1
DS02,11,10,Z_zero,0,0.9727176,0.9727176,1
DS02,11,10,E_Lin,0.9221165,0.9727176,0.0506011,1
DS02,11,10,E_MLP,0.7434369,0.9727176,0.2292807,1
DS02,11,10,E_MixLinear,0.7600365,0.9727176,0.2126811,1
DS02,11,10,E_WPMixer,-3.715767,0.9727176,4.6884846,1
DS02,11,100,Z_zero,0,0.9790822,0.9790822,1
DS02,11,100,E_Lin,0.9267349,0.9790822,0.0523473,1
DS02,11,100,E_MLP,0.845728,0.9790822,0.1333542,1
DS02,11,100,E_MixLinear,0.7486778,0.9790822,0.2304044,1
DS02,11,100,E_WPMixer,-2.105971,0.9790822,3.0850532,1
DS02,11,1000,Z_zero,0,0.9795998,0.9795998,1
DS02,11,1000,E_Lin,0.9275695,0.9795998,0.0520303,1
DS02,11,1000,E_MLP,0.86066,0.9795998,0.1189398,1
DS02,11,1000,E_MixLinear,0.7446972,0.9795998,0.2349026,1
DS02,11,1000,E_WPMixer,-1.96083,0.9795998,2.9404298,1
DS02,14,1,Z_zero,0,0.8764224,0.8764224,1
DS02,14,1,E_Lin,0.4781361,0.8764224,0.3982863,1
DS02,14,1,E_MLP,-0.3574376,0.8764224,1.23386,1
DS02,14,1,E_MixLinear,0.8620591,0.8764224,0.0143633000000001,1
DS02,14,1,E_WPMixer,-17.87463,0.8764224,18.7510524,1
DS02,14,10,Z_zero,0,0.8618277,0.8618277,1
DS02,14,10,E_Lin,0.5376978,0.8618277,0.3241299,1
DS02,14,10,E_MLP,0.2037866,0.8618277,0.6580411,1
DS02,14,10,E_MixLinear,0.9401484,0.8618277,-0.0783207,0
DS02,14,10,E_WPMixer,-2.647033,0.8618277,3.5088607,1
DS02,14,100,Z_zero,0,0.8614691,0.8614691,1
DS02,14,100,E_Lin,0.5444269,0.8614691,0.3170422,1
DS02,14,100,E_MLP,0.3103985,0.8614691,0.5510706,1
DS02,14,100,E_MixLinear,0.9456966,0.8614691,-0.0842275,0
DS02,14,100,E_WPMixer,-1.388432,0.8614691,2.2499011,1
DS02,14,1000,Z_zero,0,0.8596786,0.8596786,1
DS02,14,1000,E_Lin,0.5449104,0.8596786,0.3147682,1
DS02,14,1000,E_MLP,0.3190596,0.8596786,0.540619,1
DS02,14,1000,E_MixLinear,0.9498979,0.8596786,-0.0902193,0
DS02,14,1000,E_WPMixer,-1.154161,0.8596786,2.0138396,1
DS02,15,1,Z_zero,0,0.9766569,0.9766569,1
DS02,15,1,E_Lin,0.8638494,0.9766569,0.1128075,1
DS02,15,1,E_MLP,-1.011872,0.9766569,1.9885289,1
DS02,15,1,E_MixLinear,0.8800268,0.9766569,0.0966301000000001,1
DS02,15,1,E_WPMixer,-23.17366,0.9766569,24.1503169,1
DS02,15,10,Z_zero,0,0.9898462,0.9898462,1
DS02,15,10,E_Lin,0.9158775,0.9898462,0.0739687,1
DS02,15,10,E_MLP,-0.3543619,0.9898462,1.3442081,1
DS02,15,10,E_MixLinear,0.9607765,0.9898462,0.0290697,1
DS02,15,10,E_WPMixer,-6.655494,0.9898462,7.6453402,1
DS02,15,100,Z_zero,0,0.9899752,0.9899752,1
DS02,15,100,E_Lin,0.9201292,0.9899752,0.0698460000000001,1
DS02,15,100,E_MLP,-0.1537445,0.9899752,1.1437197,1
DS02,15,100,E_MixLinear,0.9642898,0.9899752,0.0256854000000001,1
DS02,15,100,E_WPMixer,-4.300355,0.9899752,5.2903302,1
DS02,15,1000,Z_zero,0,0.9904062,0.9904062,1
DS02,15,1000,E_Lin,0.9212335,0.9904062,0.0691727,1
DS02,15,1000,E_MLP,-0.136372,0.9904062,1.1267782,1
DS02,15,1000,E_MixLinear,0.9652857,0.9904062,0.0251205,1
DS02,15,1000,E_WPMixer,-4.450189,0.9904062,5.4405952,1
DS03,10,1,Z_zero,0,0.9556192,0.9556192,1
DS03,10,1,E_Lin,0.8464432,0.9556192,0.109176,1
DS03,10,1,E_MLP,-0.2606002,0.9556192,1.2162194,1
DS03,10,1,E_MixLinear,0.8691341,0.9556192,0.0864851,1
DS03,10,1,E_WPMixer,-16.62884,0.9556192,17.5844592,1
DS03,10,10,Z_zero,0,0.9801766,0.9801766,1
DS03,10,10,E_Lin,0.928292,0.9801766,0.0518845999999999,1
DS03,10,10,E_MLP,0.4049963,0.9801766,0.5751803,1
DS03,10,10,E_MixLinear,0.9111342,0.9801766,0.0690423999999999,1
DS03,10,10,E_WPMixer,-6.021427,0.9801766,7.0016036,1
DS03,10,100,Z_zero,0,0.9827443,0.9827443,1
DS03,10,100,E_Lin,0.9335149,0.9827443,0.0492294,1
DS03,10,100,E_MLP,0.4558404,0.9827443,0.5269039,1
DS03,10,100,E_MixLinear,0.9464878,0.9827443,0.0362565,1
DS03,10,100,E_WPMixer,-4.430481,0.9827443,5.4132253,1
DS03,10,1000,Z_zero,0,0.9835724,0.9835724,1
DS03,10,1000,E_Lin,0.93493,0.9835724,0.0486424,1
DS03,10,1000,E_MLP,0.4585738,0.9835724,0.5249986,1
DS03,10,1000,E_MixLinear,0.9436426,0.9835724,0.0399298,1
DS03,10,1000,E_WPMixer,-4.37995,0.9835724,5.3635224,1
DS03,11,1,Z_zero,0,0.9329627,0.9329627,1
DS03,11,1,E_Lin,0.8456415,0.9329627,0.0873212,1
DS03,11,1,E_MLP,0.1372898,0.9329627,0.7956729,1
DS03,11,1,E_MixLinear,0.6634307,0.9329627,0.269532,1
DS03,11,1,E_WPMixer,-21.80803,0.9329627,22.7409927,1
DS03,11,10,Z_zero,0,0.9739579,0.9739579,1
DS03,11,10,E_Lin,0.9231418,0.9739579,0.0508161,1
DS03,11,10,E_MLP,0.728108,0.9739579,0.2458499,1
DS03,11,10,E_MixLinear,0.7351074,0.9739579,0.2388505,1
DS03,11,10,E_WPMixer,-3.502603,0.9739579,4.4765609,1
DS03,11,100,Z_zero,0,0.9794036,0.9794036,1
DS03,11,100,E_Lin,0.9334732,0.9794036,0.0459304,1
DS03,11,100,E_MLP,0.838658,0.9794036,0.1407456,1
DS03,11,100,E_MixLinear,0.7924061,0.9794036,0.1869975,1
DS03,11,100,E_WPMixer,-1.220754,0.9794036,2.2001576,1
DS03,11,1000,Z_zero,0,0.9806614,0.9806614,1
DS03,11,1000,E_Lin,0.9340593,0.9806614,0.0466021,1
DS03,11,1000,E_MLP,0.8566827,0.9806614,0.1239787,1
DS03,11,1000,E_MixLinear,0.7814444,0.9806614,0.199217,1
DS03,11,1000,E_WPMixer,-1.156964,0.9806614,2.1376254,1
DS03,12,1,Z_zero,0,0.8982348,0.8982348,1
DS03,12,1,E_Lin,0.9222031,0.8982348,-0.0239683000000001,0
DS03,12,1,E_MLP,-0.1575129,0.8982348,1.0557477,1
DS03,12,1,E_MixLinear,0.6493046,0.8982348,0.2489302,1
DS03,12,1,E_WPMixer,-21.56737,0.8982348,22.4656048,1
DS03,12,10,Z_zero,0,0.9401769,0.9401769,1
DS03,12,10,E_Lin,0.9788433,0.9401769,-0.0386664,0
DS03,12,10,E_MLP,0.4478768,0.9401769,0.4923001,1
DS03,12,10,E_MixLinear,0.7444246,0.9401769,0.1957523,1
DS03,12,10,E_WPMixer,-2.765071,0.9401769,3.7052479,1
DS03,12,100,Z_zero,0,0.946605,0.946605,1
DS03,12,100,E_Lin,0.9847681,0.946605,-0.0381631,0
DS03,12,100,E_MLP,0.5306655,0.946605,0.4159395,1
DS03,12,100,E_MixLinear,0.7906895,0.946605,0.1559155,1
DS03,12,100,E_WPMixer,-1.276577,0.946605,2.223182,1
DS03,12,1000,Z_zero,0,0.9469811,0.9469811,1
DS03,12,1000,E_Lin,0.985262,0.9469811,-0.0382809,0
DS03,12,1000,E_MLP,0.5557324,0.9469811,0.3912487,1
DS03,12,1000,E_MixLinear,0.7772301,0.9469811,0.169751,1
DS03,12,1000,E_WPMixer,-1.123238,0.9469811,2.0702191,1
DS03,13,1,Z_zero,0,0.9698457,0.9698457,1
DS03,13,1,E_Lin,0.8850701,0.9698457,0.0847756000000001,1
DS03,13,1,E_MLP,-0.1606228,0.9698457,1.1304685,1
DS03,13,1,E_MixLinear,0.5200731,0.9698457,0.4497726,1
DS03,13,1,E_WPMixer,-29.05619,0.9698457,30.0260357,1
DS03,13,10,Z_zero,0,0.9854522,0.9854522,1
DS03,13,10,E_Lin,0.9326552,0.9854522,0.052797,1
DS03,13,10,E_MLP,0.386057,0.9854522,0.5993952,1
DS03,13,10,E_MixLinear,0.7472179,0.9854522,0.2382343,1
DS03,13,10,E_WPMixer,-9.52825,0.9854522,10.5137022,1
DS03,13,100,Z_zero,0,0.9874753,0.9874753,1
DS03,13,100,E_Lin,0.9351988,0.9874753,0.0522764999999999,1
DS03,13,100,E_MLP,0.5097544,0.9874753,0.4777209,1
DS03,13,100,E_MixLinear,0.7298278,0.9874753,0.2576475,1
DS03,13,100,E_WPMixer,-8.595637,0.9874753,9.5831123,1
DS03,13,1000,Z_zero,0,0.9879955,0.9879955,1
DS03,13,1000,E_Lin,0.93628,0.9879955,0.0517155,1
DS03,13,1000,E_MLP,0.5130857,0.9879955,0.4749098,1
DS03,13,1000,E_MixLinear,0.7291527,0.9879955,0.2588428,1
DS03,13,1000,E_WPMixer,-8.128692,0.9879955,9.1166875,1
DS03,14,1,Z_zero,0,0.8699119,0.8699119,1
DS03,14,1,E_Lin,0.4954126,0.8699119,0.3744993,1
DS03,14,1,E_MLP,-0.3075683,0.8699119,1.1774802,1
DS03,14,1,E_MixLinear,0.7451482,0.8699119,0.1247637,1
DS03,14,1,E_WPMixer,-17.35253,0.8699119,18.2224419,1
DS03,14,10,Z_zero,0,0.8618845,0.8618845,1
DS03,14,10,E_Lin,0.5464563,0.8618845,0.3154282,1
DS03,14,10,E_MLP,0.1742095,0.8618845,0.687675,1
DS03,14,10,E_MixLinear,0.9291795,0.8618845,-0.067295,0
DS03,14,10,E_WPMixer,-2.782776,0.8618845,3.6446605,1
DS03,14,100,Z_zero,0,0.8564901,0.8564901,1
DS03,14,100,E_Lin,0.5506276,0.8564901,0.3058625,1
DS03,14,100,E_MLP,0.2591047,0.8564901,0.5973854,1
DS03,14,100,E_MixLinear,0.9393594,0.8564901,-0.0828692999999999,0
DS03,14,100,E_WPMixer,-1.013038,0.8564901,1.8695281,1
DS03,14,1000,Z_zero,0,0.8560174,0.8560174,1
DS03,14,1000,E_Lin,0.5511809,0.8560174,0.3048365,1
DS03,14,1000,E_MLP,0.2519725,0.8560174,0.6040449,1
DS03,14,1000,E_MixLinear,0.9371041,0.8560174,-0.0810867,0
DS03,14,1000,E_WPMixer,-0.8212364,0.8560174,1.6772538,1
DS03,15,1,Z_zero,0,0.9545795,0.9545795,1
DS03,15,1,E_Lin,0.8716932,0.9545795,0.0828863000000001,1
DS03,15,1,E_MLP,-0.5822664,0.9545795,1.5368459,1
DS03,15,1,E_MixLinear,0.8877201,0.9545795,0.0668594,1
DS03,15,1,E_WPMixer,-21.80306,0.9545795,22.7576395,1
DS03,15,10,Z_zero,0,0.9823458,0.9823458,1
DS03,15,10,E_Lin,0.9198953,0.9823458,0.0624505000000001,1
DS03,15,10,E_MLP,-0.1220582,0.9823458,1.104404,1
DS03,15,10,E_MixLinear,0.9589177,0.9823458,0.0234281000000001,1
DS03,15,10,E_WPMixer,-4.572704,0.9823458,5.5550498,1
DS03,15,100,Z_zero,0,0.9865319,0.9865319,1
DS03,15,100,E_Lin,0.9256477,0.9865319,0.0608842000000001,1
DS03,15,100,E_MLP,0.02166843,0.9865319,0.96486347,1
DS03,15,100,E_MixLinear,0.9761621,0.9865319,0.0103698,1
DS03,15,100,E_WPMixer,-2.603264,0.9865319,3.5897959,1
DS03,15,1000,Z_zero,0,0.9879538,0.9879538,1
DS03,15,1000,E_Lin,0.9271634,0.9879538,0.0607904,1
DS03,15,1000,E_MLP,0.007579923,0.9879538,0.980373877,1
DS03,15,1000,E_MixLinear,0.9753486,0.9879538,0.0126052,1
DS03,15,1000,E_WPMixer,-2.442889,0.9879538,3.4308428,1
