subset,unit,N,method,criterion,lam,skill,rmse,rmse_early,false_alarm,detect_corr,delta
DS02,11,1,B,L_curve,10.0,0.8175915545284903,0.035637719702593045,0.04060622320747616,0.021503323531702173,0.8846465958211995,25.995102860684536
DS02,11,1,B,Morozov_tau1.0,1000.0,0.7304272111899364,0.04332369227250398,0.011010114061945018,0.012529634231691096,0.9638725659786799,25.995102860684536
DS02,11,1,B,Morozov_tau1.5,3162.2776601683795,0.5001389512833052,0.05899457606133671,0.007627633563414248,0.008959450145394034,0.9702325054709445,25.995102860684536
DS02,11,1,B,Morozov_tau2.0,10000.0,0.2501757169429317,0.07225488049470084,0.006120927023232031,0.004977383830224211,0.9714253109421088,25.995102860684536
DS02,11,1,B,Morozov_tau3.0,10000.0,0.2501757169429317,0.07225488049470084,0.006120927023232031,0.004977383830224211,0.9714253109421088,25.995102860684536
DS02,11,1,B,oracle,100.0,0.9130290157923797,0.0246079042913472,0.02412234793552262,0.015080093918626542,0.9256115020636507,25.995102860684536
DS02,11,1,B,lam_dev,100.0,0.9130290157923797,0.0246079042913472,0.02412234793552262,0.015080093918626542,0.9256115020636507,25.995102860684536
DS02,11,1,D,L_curve,0.03162277660168379,-1.1299270366208218,0.1217782699110355,0.012737114844716164,0.002433414987303451,0.9880371081283038,25.995102860684536
DS02,11,1,D,Morozov_tau1.0,316.22776601683796,0.8933793813866755,0.02724633145678354,0.005272931051751181,0.006387966494412895,0.9747675464976934,25.995102860684536
DS02,11,1,D,Morozov_tau1.5,3162.2776601683795,0.5063058458332015,0.058629532198364684,0.0035363676941717356,0.005884355518565642,0.9864673967495431,25.995102860684536
DS02,11,1,D,Morozov_tau2.0,3162.2776601683795,0.5063058458332015,0.058629532198364684,0.0035363676941717356,0.005884355518565642,0.9864673967495431,25.995102860684536
DS02,11,1,D,Morozov_tau3.0,10000.0,0.2525230737042855,0.07214169335503572,0.0044210710551941,0.0031792932731550707,0.9883965741606131,25.995102860684536
DS02,11,1,D,oracle,100.0,0.9533260412301731,0.01802705383632883,0.008509740186588101,0.004039975771866911,0.9756099077657888,25.995102860684536
DS02,11,1,D,lam_dev,100.0,0.9533260412301731,0.01802705383632883,0.008509740186588101,0.004039975771866911,0.9756099077657888,25.995102860684536
DS02,11,10,B,L_curve,3.1622776601683795,0.9537781444653366,0.017939532635777616,0.016924893022971434,0.010196895596124715,0.9630930260583545,8.220373305012183
DS02,11,10,B,Morozov_tau1.0,316.22776601683796,0.894814327480827,0.027062363964164844,0.005924706986693516,0.008577341842404574,0.9927861011772668,8.220373305012183
DS02,11,10,B,Morozov_tau1.5,316.22776601683796,0.894814327480827,0.027062363964164844,0.005924706986693516,0.008577341842404574,0.9927861011772668,8.220373305012183
DS02,11,10,B,Morozov_tau2.0,1000.0,0.7362984365914296,0.042849305659768314,0.004198025340959251,0.009403073209162368,0.994735051232614,8.220373305012183
DS02,11,10,B,Morozov_tau3.0,1000.0,0.7362984365914296,0.042849305659768314,0.004198025340959251,0.009403073209162368,0.994735051232614,8.220373305012183
DS02,11,10,B,oracle,31.622776601683793,0.9677129700931072,0.014993446854194608,0.01195425123030153,0.0079749337636162,0.9788106723260825,8.220373305012183
DS02,11,10,B,lam_dev,31.622776601683793,0.9677129700931072,0.014993446854194608,0.01195425123030153,0.0079749337636162,0.9788106723260825,8.220373305012183
DS02,11,10,D,L_curve,10.0,0.960840948566969,0.016512145931347647,0.006726546348380271,0.0007388547592723522,0.9879737520536235,8.220373305012183
DS02,11,10,D,Morozov_tau1.0,1e-06,0.10250525855919279,0.0790502764270266,0.008009939117146862,0.0008319291382371336,0.9894831245411227,8.220373305012183
DS02,11,10,D,Morozov_tau1.5,316.22776601683796,0.897164087571033,0.02675838138991043,0.0030395936053894917,0.005042442138575053,0.9926663165010569,8.220373305012183
DS02,11,10,D,Morozov_tau2.0,316.22776601683796,0.897164087571033,0.02675838138991043,0.0030395936053894917,0.005042442138575053,0.9926663165010569,8.220373305012183
DS02,11,10,D,Morozov_tau3.0,1000.0,0.7388245896941696,0.04264357235412556,0.0030739330919089224,0.006659935835283415,0.9935408048052322,8.220373305012183
DS02,11,10,D,oracle,31.622776601683793,0.9746453701959488,0.013286667704322986,0.0049825120433712455,0.0010205368568290412,0.9906950281997308,8.220373305012183
DS02,11,10,D,lam_dev,100.0,0.9676231552199881,0.015014286481227615,0.0036555221071972502,0.002401711648553179,0.9921356955876662,8.220373305012183
DS02,11,100,B,L_curve,3.1622776601683795,0.9679592022169188,0.014936164810757152,0.011110656120457564,0.007933857626447863,0.9847621891214454,2.599510286068454
DS02,11,100,B,Morozov_tau1.0,0.31622776601683794,0.7039110519811524,0.04540446210744033,0.05794457058199618,0.008341756304995365,0.7934984637262353,2.599510286068454
DS02,11,100,B,Morozov_tau1.5,100.0,0.9673391925171206,0.01507998451122629,0.005886486720223344,0.0058341241954493386,0.9945614637064285,2.599510286068454
DS02,11,100,B,Morozov_tau2.0,100.0,0.9673391925171206,0.01507998451122629,0.005886486720223344,0.0058341241954493386,0.9945614637064285,2.599510286068454
DS02,11,100,B,Morozov_tau3.0,316.22776601683796,0.8966484934067018,0.02682537751584977,0.003953303647063851,0.007547443111118128,0.9960347874590392,2.599510286068454
DS02,11,100,B,oracle,31.622776601683793,0.9757752304618845,0.01298725188455239,0.007686531899198274,0.0059900581002602,0.991364945299757,2.599510286068454
DS02,11,100,B,lam_dev,31.622776601683793,0.9757752304618845,0.01298725188455239,0.007686531899198274,0.0059900581002602,0.991364945299757,2.599510286068454
DS02,11,100,D,L_curve,10.0,0.9676904765315968,0.014998668723487743,0.003308013930417674,0.0006900347992479088,0.992504481548543,2.599510286068454
DS02,11,100,D,Morozov_tau1.0,1e-06,0.045162316002042124,0.08153652755651766,0.007964915788292785,0.000738752596669786,0.9618247381298225,2.599510286068454
DS02,11,100,D,Morozov_tau1.5,1e-06,0.045162316002042124,0.08153652755651766,0.007964915788292785,0.000738752596669786,0.9618247381298225,2.599510286068454
DS02,11,100,D,Morozov_tau2.0,1e-06,0.045162316002042124,0.08153652755651766,0.007964915788292785,0.000738752596669786,0.9618247381298225,2.599510286068454
DS02,11,100,D,Morozov_tau3.0,100.0,0.9694121640394099,0.01459357897947014,0.002804299269274862,0.002184062079843593,0.9948373659638142,2.599510286068454
DS02,11,100,D,oracle,31.622776601683793,0.9789995574105569,0.012092098061397768,0.0030260551004726286,0.0009285972980218303,0.9950027624249952,2.599510286068454
DS02,11,100,D,lam_dev,31.622776601683793,0.9789995574105569,0.012092098061397768,0.0030260551004726286,0.0009285972980218303,0.9950027624249952,2.599510286068454
DS02,11,1000,B,L_curve,3.1622776601683795,0.9709624199555176,0.014218953913827057,0.010157437190843445,0.007350050201004655,0.9892470818915581,0.8220373305012185
DS02,11,1000,B,Morozov_tau1.0,1e-06,-24.38900217469468,0.4204460270256675,0.4745643934170632,0.009402439803551236,0.12105827232543691,0.8220373305012185
DS02,11,1000,B,Morozov_tau1.5,1e-06,-24.38900217469468,0.4204460270256675,0.4745643934170632,0.009402439803551236,0.12105827232543691,0.8220373305012185
DS02,11,1000,B,Morozov_tau2.0,1e-06,-24.38900217469468,0.4204460270256675,0.4745643934170632,0.009402439803551236,0.12105827232543691,0.8220373305012185
DS02,11,1000,B,Morozov_tau3.0,1.0,0.957431279377478,0.017216019090218408,0.017823426635421687,0.007599037078571581,0.9717747301619291,0.8220373305012185
DS02,11,1000,B,oracle,31.622776601683793,0.9769363476824996,0.01267218422176425,0.007433009075819886,0.0056116924385496815,0.9936465535919194,0.8220373305012185
DS02,11,1000,B,lam_dev,3.1622776601683795,0.9709624199555176,0.014218953913827057,0.010157437190843445,0.007350050201004655,0.9892470818915581,0.8220373305012185
DS02,11,1000,D,L_curve,10.0,0.97155328476718,0.014073544777291523,0.003225318501741799,0.0005642335733232045,0.9948787143338725,0.8220373305012185
DS02,11,1000,D,Morozov_tau1.0,1e-06,0.08167162494186386,0.07996251375113558,0.008073116542760652,0.0006575039901226432,0.9635289813410246,0.8220373305012185
DS02,11,1000,D,Morozov_tau1.5,1e-06,0.08167162494186386,0.07996251375113558,0.008073116542760652,0.0006575039901226432,0.9635289813410246,0.8220373305012185
DS02,11,1000,D,Morozov_tau2.0,1e-06,0.08167162494186386,0.07996251375113558,0.008073116542760652,0.0006575039901226432,0.9635289813410246,0.8220373305012185
DS02,11,1000,D,Morozov_tau3.0,1e-06,0.08167162494186386,0.07996251375113558,0.008073116542760652,0.0006575039901226432,0.9635289813410246,0.8220373305012185
DS02,11,1000,D,oracle,31.622776601683793,0.9800949406669321,0.011772512895529698,0.002945920266985037,0.0008100293691054622,0.9961939033607076,0.8220373305012185
DS02,11,1000,D,lam_dev,31.622776601683793,0.9800949406669321,0.011772512895529698,0.002945920266985037,0.0008100293691054622,0.9961939033607076,0.8220373305012185
DS02,14,1,B,L_curve,10.0,0.6764784325559018,0.04445421431822185,0.033538153354643094,0.02018446848480346,0.8274789439379132,28.239170155369955
DS02,14,1,B,Morozov_tau1.0,1000.0,0.5951538038407642,0.0497286135895862,0.009428648860899634,0.010452287158069376,0.943641083617516,28.239170155369955
DS02,14,1,B,Morozov_tau1.5,3162.2776601683795,0.40049752566647956,0.060514132226170025,0.007081189585140135,0.007494369197402236,0.9550018631413303,28.239170155369955
DS02,14,1,B,Morozov_tau2.0,10000.0,0.19784782001781476,0.06999865640240761,0.006099982652889789,0.004211284609291432,0.9589809005919072,28.239170155369955
DS02,14,1,B,Morozov_tau3.0,10000.0,0.19784782001781476,0.06999865640240761,0.006099982652889789,0.004211284609291432,0.9589809005919072,28.239170155369955
DS02,14,1,B,oracle,100.0,0.759102951497004,0.038359864058466336,0.02092007124752379,0.013837874865794976,0.8846599159634003,28.239170155369955
DS02,14,1,B,lam_dev,100.0,0.759102951497004,0.038359864058466336,0.02092007124752379,0.013837874865794976,0.8846599159634003,28.239170155369955
DS02,14,1,D,L_curve,0.03162277660168379,0.3980919430765528,0.06063542113652604,0.006128667649537146,0.0021147164790310856,0.990707830561151,28.239170155369955
DS02,14,1,D,Morozov_tau1.0,316.22776601683796,0.7560575193826027,0.038601576150223464,0.0034701372853912136,0.004778068056677229,0.982957369324959,28.239170155369955
DS02,14,1,D,Morozov_tau1.5,3162.2776601683795,0.4081563517507768,0.060126346521148656,0.004549777448370911,0.004410800678413459,0.9888664989041054,28.239170155369955
DS02,14,1,D,Morozov_tau2.0,10000.0,0.20063281510829933,0.06987703645171411,0.005133644421732701,0.00242990870863468,0.9893780596922478,28.239170155369955
DS02,14,1,D,Morozov_tau3.0,10000.0,0.20063281510829933,0.06987703645171411,0.005133644421732701,0.00242990870863468,0.9893780596922478,28.239170155369955
DS02,14,1,D,oracle,3.1622776601683795,0.9607819470748377,0.015477625496151,0.0038213431206173877,0.001974836408905563,0.9793764637793058,28.239170155369955
DS02,14,1,D,lam_dev,100.0,0.8406585405809166,0.031197925396748094,0.0036700631629944815,0.0030953583013716545,0.9807143133958474,28.239170155369955
DS02,14,10,B,L_curve,3.1622776601683795,0.8350670556680881,0.03174059224018372,0.012112815174961086,0.008269213616971508,0.9486683612600926,8.930009692402002
DS02,14,10,B,Morozov_tau1.0,316.22776601683796,0.7527314155197147,0.038863847316312566,0.005209222874176963,0.007491995734308412,0.9877893286003033,8.930009692402002
DS02,14,10,B,Morozov_tau1.5,316.22776601683796,0.7527314155197147,0.038863847316312566,0.005209222874176963,0.007491995734308412,0.9877893286003033,8.930009692402002
DS02,14,10,B,Morozov_tau2.0,1000.0,0.6142696395831639,0.048540386656298874,0.004618780728551844,0.0077472395002272446,0.9914327875558584,8.930009692402002
DS02,14,10,B,Morozov_tau3.0,3162.2776601683795,0.4120667889763032,0.059927383530483574,0.004802991395215201,0.005969239358455013,0.9928053764750179,8.930009692402002
DS02,14,10,B,oracle,31.622776601683793,0.8409194241758579,0.03117237535747951,0.00838114158353287,0.0069690407056312706,0.9683571623657219,8.930009692402002
DS02,14,10,B,lam_dev,31.622776601683793,0.8409194241758579,0.03117237535747951,0.00838114158353287,0.0069690407056312706,0.9683571623657219,8.930009692402002
DS02,14,10,D,L_curve,0.0031622776601683794,0.4008698316752124,0.06049533891423173,0.006048726362125509,0.0017880514617555545,0.7825253834869214,8.930009692402002
DS02,14,10,D,Morozov_tau1.0,1e-06,0.4008257472270026,0.06049756451955083,0.0060487545206077045,0.0017879861721717995,0.782526226747284,8.930009692402002
DS02,14,10,D,Morozov_tau1.5,316.22776601683796,0.758875250961605,0.0383779890180582,0.003092610010373152,0.004347701299939868,0.9936614282426915,8.930009692402002
DS02,14,10,D,Morozov_tau2.0,1000.0,0.6182605692682275,0.048288624052650594,0.003690893886819791,0.005248608367337612,0.9947502373689096,8.930009692402002
DS02,14,10,D,Morozov_tau3.0,1000.0,0.6182605692682275,0.048288624052650594,0.003690893886819791,0.005248608367337612,0.9947502373689096,8.930009692402002
DS02,14,10,D,oracle,1.0,0.9430241214514293,0.0186554975011849,0.006034800973192808,0.0015362097962199213,0.9766653048090345,8.930009692402002
DS02,14,10,D,lam_dev,100.0,0.8343879061382897,0.0318058747186912,0.00301105389726444,0.002674966577217811,0.9917240719320537,8.930009692402002
DS02,14,100,B,L_curve,3.1622776601683795,0.8512264256687521,0.03014561987266252,0.008355253224762068,0.00572931215345052,0.9750556353866032,2.8239170155369955
DS02,14,100,B,Morozov_tau1.0,31.622776601683793,0.8473718975149637,0.030533639408067432,0.005718868291250492,0.005007331630284176,0.9841382516039867,2.8239170155369955
DS02,14,100,B,Morozov_tau1.5,100.0,0.8246905754876647,0.032723816748270816,0.0042722466780983955,0.005305404706700917,0.9896392753086353,2.8239170155369955
DS02,14,100,B,Morozov_tau2.0,100.0,0.8246905754876647,0.032723816748270816,0.0042722466780983955,0.005305404706700917,0.9896392753086353,2.8239170155369955
DS02,14,100,B,Morozov_tau3.0,316.22776601683796,0.7517874277783678,0.03893796115404727,0.003378717343894949,0.006321233695123198,0.9936829878889254,2.8239170155369955
DS02,14,100,B,oracle,10.0,0.8515917835506034,0.03010858133879438,0.006962112834416341,0.005414927269630497,0.979945280238448,2.8239170155369955
DS02,14,100,B,lam_dev,31.622776601683793,0.8473718975149637,0.030533639408067432,0.005718868291250492,0.005007331630284176,0.9841382516039867,2.8239170155369955
DS02,14,100,D,L_curve,0.0031622776601683794,0.5635467918723129,0.051633333563351896,0.005932502733486864,0.0014272319078364201,0.9481478035613659,2.8239170155369955
DS02,14,100,D,Morozov_tau1.0,1e-06,0.5626948295760312,0.05168370346147865,0.0059325291410963635,0.001427497899020187,0.948119836866444,2.8239170155369955
DS02,14,100,D,Morozov_tau1.5,1e-06,0.5626948295760312,0.05168370346147865,0.0059325291410963635,0.001427497899020187,0.948119836866444,2.8239170155369955
DS02,14,100,D,Morozov_tau2.0,1e-06,0.5626948295760312,0.05168370346147865,0.0059325291410963635,0.001427497899020187,0.948119836866444,2.8239170155369955
DS02,14,100,D,Morozov_tau3.0,316.22776601683796,0.7551901288796714,0.03867014339928019,0.0025569228791419664,0.004358515792939429,0.9939021033551724,2.8239170155369955
DS02,14,100,D,oracle,1.0,0.9343353467950053,0.020027518768709653,0.005921170707419383,0.0012662254351036716,0.9776437741029321,2.8239170155369955
DS02,14,100,D,lam_dev,31.622776601683793,0.859478874531273,0.029297605692944123,0.0026050254448271646,0.00169912008868807,0.9922707026828949,2.8239170155369955
DS02,14,1000,B,L_curve,3.1622776601683795,0.8539315562995073,0.02987029563430456,0.00709161723753577,0.005094292743105125,0.9766974761491761,0.8930009692402003
DS02,14,1000,B,Morozov_tau1.0,1e-06,-25.18527855837485,0.3999354662644876,0.36497720890633206,0.005939253904969699,0.10144832563966134,0.8930009692402003
DS02,14,1000,B,Morozov_tau1.5,1e-06,-25.18527855837485,0.3999354662644876,0.36497720890633206,0.005939253904969699,0.10144832563966134,0.8930009692402003
DS02,14,1000,B,Morozov_tau2.0,0.1,-0.7355433679680727,0.10296249433504569,0.09166652163324307,0.005066923879050648,0.43178336973800485,0.8930009692402003
DS02,14,1000,B,Morozov_tau3.0,31.622776601683793,0.8491234141160844,0.030357936202081073,0.004846812040125107,0.004619599611141312,0.9855938787244293,0.8930009692402003
DS02,14,1000,B,oracle,3.1622776601683795,0.8539315562995073,0.02987029563430456,0.00709161723753577,0.005094292743105125,0.9766974761491761,0.8930009692402003
DS02,14,1000,B,lam_dev,3.1622776601683795,0.8539315562995073,0.02987029563430456,0.00709161723753577,0.005094292743105125,0.9766974761491761,0.8930009692402003
DS02,14,1000,D,L_curve,0.00031622776601683794,0.5107695660472711,0.05466609512975687,0.005970083927586189,0.0013416930940134625,0.9519618736420069,0.8930009692402003
DS02,14,1000,D,Morozov_tau1.0,1e-06,0.5106752011218024,0.05467136699441106,0.0059700866359525115,0.0013417184184486796,0.9519530243307432,0.8930009692402003
DS02,14,1000,D,Morozov_tau1.5,1e-06,0.5106752011218024,0.05467136699441106,0.0059700866359525115,0.0013417184184486796,0.9519530243307432,0.8930009692402003
DS02,14,1000,D,Morozov_tau2.0,1e-06,0.5106752011218024,0.05467136699441106,0.0059700866359525115,0.0013417184184486796,0.9519530243307432,0.8930009692402003
DS02,14,1000,D,Morozov_tau3.0,1e-06,0.5106752011218024,0.05467136699441106,0.0059700866359525115,0.0013417184184486796,0.9519530243307432,0.8930009692402003
DS02,14,1000,D,oracle,1.0,0.931271504328043,0.020489423497886607,0.0059604520784247795,0.0011562361426242919,0.9751028256612182,0.8930009692402003
DS02,14,1000,D,lam_dev,31.622776601683793,0.8611629834966605,0.029121514426813384,0.0023523836281593553,0.0015698020692435073,0.9927976231904427,0.8930009692402003
DS02,15,1,B,L_curve,10.0,0.8008127410754335,0.03496477182247784,0.0335647411540344,0.022656870116705287,0.9276258809357053,27.439722344723783
DS02,15,1,B,Morozov_tau1.0,1000.0,0.6578794053144859,0.045823634254689063,0.010206452478539907,0.012005162813793338,0.9680877489653134,27.439722344723783
DS02,15,1,B,Morozov_tau1.5,3162.2776601683795,0.4344468608398695,0.05891645798408853,0.007433110051619554,0.008647958636250789,0.9726021827507646,27.439722344723783
DS02,15,1,B,Morozov_tau2.0,10000.0,0.21362732499396386,0.06947269203196187,0.006000602583544821,0.005163688663198011,0.9757061458666639,27.439722344723783
DS02,15,1,B,Morozov_tau3.0,10000.0,0.21362732499396386,0.06947269203196187,0.006000602583544821,0.005163688663198011,0.9757061458666639,27.439722344723783
DS02,15,1,B,oracle,100.0,0.8741968642845048,0.027787255473719623,0.020376804899242505,0.01611954398069709,0.9488345069875274,27.439722344723783
DS02,15,1,B,lam_dev,100.0,0.8741968642845048,0.027787255473719623,0.020376804899242505,0.01611954398069709,0.9488345069875274,27.439722344723783
DS02,15,1,D,L_curve,0.1,-0.49450665236222635,0.09577426925816133,0.006277859947205181,0.003195576804836733,0.9924008369317668,27.439722344723783
DS02,15,1,D,Morozov_tau1.0,316.22776601683796,0.8597067909902263,0.029343927800000915,0.004094434899040766,0.005838123540395839,0.9917769238661028,27.439722344723783
DS02,15,1,D,Morozov_tau1.5,3162.2776601683795,0.4447228569264621,0.058378753710218306,0.0045260208926520195,0.005324920189639372,0.993048633422386,27.439722344723783
DS02,15,1,D,Morozov_tau2.0,10000.0,0.21811072009922805,0.06927436446842931,0.004829354525267317,0.0034371113694830332,0.993307553602624,27.439722344723783
DS02,15,1,D,Morozov_tau3.0,10000.0,0.21811072009922805,0.06927436446842931,0.004829354525267317,0.0034371113694830332,0.993307553602624,27.439722344723783
DS02,15,1,D,oracle,31.622776601683793,0.9725055675538307,0.012990393310201225,0.0037387109130874122,0.0032718893239609206,0.9885544569442462,27.439722344723783
DS02,15,1,D,lam_dev,100.0,0.9542693899813393,0.016753417760947135,0.00392929360881017,0.003978914595086419,0.9906917677661694,27.439722344723783
DS02,15,10,B,L_curve,3.1622776601683795,0.95271202465137,0.01703630006380987,0.014380849504285002,0.01036539831210173,0.9796801776540933,8.677202097194312
DS02,15,10,B,Morozov_tau1.0,316.22776601683796,0.855160630745363,0.029815578022798276,0.005820573439514075,0.009319347056249863,0.9942923771566866,8.677202097194312
DS02,15,10,B,Morozov_tau1.5,316.22776601683796,0.855160630745363,0.029815578022798276,0.005820573439514075,0.009319347056249863,0.9942923771566866,8.677202097194312
DS02,15,10,B,Morozov_tau2.0,1000.0,0.6828889575303475,0.0441169625327917,0.004749333403668145,0.008893688221894328,0.9953046506000373,8.677202097194312
DS02,15,10,B,Morozov_tau3.0,1000.0,0.6828889575303475,0.0441169625327917,0.004749333403668145,0.008893688221894328,0.9953046506000373,8.677202097194312
DS02,15,10,B,oracle,31.622776601683793,0.9688444155858209,0.013828270676064786,0.010436243935611293,0.008952100113736353,0.9902429406187596,8.677202097194312
DS02,15,10,B,lam_dev,31.622776601683793,0.9688444155858209,0.013828270676064786,0.010436243935611293,0.008952100113736353,0.9902429406187596,8.677202097194312
DS02,15,10,D,L_curve,0.01,-0.47035981369539726,0.09499740304236486,0.005291984565018687,0.001749855415039845,0.8659498470366597,8.677202097194312
DS02,15,10,D,Morozov_tau1.0,1e-06,-0.534840145568402,0.09705803531041492,0.005292438381048376,0.0017563386449715615,0.8658207665892664,8.677202097194312
DS02,15,10,D,Morozov_tau1.5,316.22776601683796,0.8695049418845995,0.02830068538503947,0.0034140227914537693,0.005414010749034993,0.995953584823687,8.677202097194312
DS02,15,10,D,Morozov_tau2.0,1000.0,0.6903578686151324,0.04359432372910851,0.0038463661598604378,0.006167033732027265,0.9964896444721586,8.677202097194312
DS02,15,10,D,Morozov_tau3.0,1000.0,0.6903578686151324,0.04359432372910851,0.0038463661598604378,0.006167033732027265,0.9964896444721586,8.677202097194312
DS02,15,10,D,oracle,31.622776601683793,0.9866172465346725,0.009063014181964625,0.0033774070572279106,0.0019497995066195717,0.9944093968663346,8.677202097194312
DS02,15,10,D,lam_dev,100.0,0.9632056916993363,0.015027621304172428,0.0032899187496776548,0.003328495161637627,0.995416514825085,8.677202097194312
DS02,15,100,B,L_curve,3.1622776601683795,0.9701516816043508,0.013535049711330908,0.01036204138486266,0.008081518597963078,0.9886253970753499,2.7439722344723783
DS02,15,100,B,Morozov_tau1.0,0.1,-1.93841564507471,0.13429397680715927,0.10741021155215105,0.008137931898774422,0.5302771453520042,2.7439722344723783
DS02,15,100,B,Morozov_tau1.5,100.0,0.9496080875156685,0.017586537456822992,0.005533670524854264,0.007293720022144527,0.9954963929310887,2.7439722344723783
DS02,15,100,B,Morozov_tau2.0,100.0,0.9496080875156685,0.017586537456822992,0.005533670524854264,0.007293720022144527,0.9954963929310887,2.7439722344723783
DS02,15,100,B,Morozov_tau3.0,316.22776601683796,0.8574021464908488,0.029583967378714333,0.004427586609809219,0.008246619587386138,0.9966325949853378,2.7439722344723783
DS02,15,100,B,oracle,10.0,0.9768438658305876,0.011921556172329791,0.008632448714113047,0.007675774155972463,0.9925778190025696,2.7439722344723783
DS02,15,100,B,lam_dev,31.622776601683793,0.9756147628899594,0.012233857350526916,0.00716592427181187,0.007197119018779925,0.9940645979562673,2.7439722344723783
DS02,15,100,D,L_curve,0.01,-0.5590442009181062,0.09782033254692538,0.004775030353605415,0.0009765865478088339,0.9967584225971191,2.7439722344723783
DS02,15,100,D,Morozov_tau1.0,1e-06,-0.5591439517565624,0.09782346186940068,0.004775385718736087,0.0009757717794681148,0.9967582283885958,2.7439722344723783
DS02,15,100,D,Morozov_tau1.5,1e-06,-0.5591439517565624,0.09782346186940068,0.004775385718736087,0.0009757717794681148,0.9967582283885958,2.7439722344723783
DS02,15,100,D,Morozov_tau2.0,1e-06,-0.5591439517565624,0.09782346186940068,0.004775385718736087,0.0009757717794681148,0.9967582283885958,2.7439722344723783
DS02,15,100,D,Morozov_tau3.0,100.0,0.9658901677609251,0.01446903984257739,0.0030715761198379507,0.0031935167943132484,0.996708188532876,2.7439722344723783
DS02,15,100,D,oracle,10.0,0.9920806648180723,0.006971789776211531,0.002543001452842256,0.0010278019030715115,0.99630735234327,2.7439722344723783
DS02,15,100,D,lam_dev,31.622776601683793,0.9908663371671532,0.00748725127836619,0.0027980639492800204,0.001517762796414825,0.9966058245511583,2.7439722344723783
DS02,15,1000,B,L_curve,3.1622776601683795,0.9746964983521307,0.012462071355032661,0.009039242124301463,0.007421436413627058,0.9905836107843674,0.8677202097194312
DS02,15,1000,B,Morozov_tau1.0,1e-06,-40.92390146592341,0.5072601743176081,0.3599187875089497,0.00799700630537257,0.22575529197656866,0.8677202097194312
DS02,15,1000,B,Morozov_tau1.5,1e-06,-40.92390146592341,0.5072601743176081,0.3599187875089497,0.00799700630537257,0.22575529197656866,0.8677202097194312
DS02,15,1000,B,Morozov_tau2.0,1e-06,-40.92390146592341,0.5072601743176081,0.3599187875089497,0.00799700630537257,0.22575529197656866,0.8677202097194312
DS02,15,1000,B,Morozov_tau3.0,0.1,-1.6883077466296785,0.12845156874825703,0.09113979770792618,0.007442716763933508,0.5567688602828285,0.8677202097194312
DS02,15,1000,B,oracle,10.0,0.9800943659796186,0.011053197453792837,0.0076934401134894385,0.007156724627117237,0.9939023151633714,0.8677202097194312
DS02,15,1000,B,lam_dev,3.1622776601683795,0.9746964983521307,0.012462071355032661,0.009039242124301463,0.007421436413627058,0.9905836107843674,0.8677202097194312
DS02,15,1000,D,L_curve,0.01,-0.5458871654332258,0.0974066969167223,0.004909707477942621,0.0011456458461619628,0.9969565971956257,0.8677202097194312
DS02,15,1000,D,Morozov_tau1.0,1e-06,-0.5459840004040186,0.09740974766555914,0.00491007322823874,0.001144785913767008,0.9969564599300924,0.8677202097194312
DS02,15,1000,D,Morozov_tau1.5,1e-06,-0.5459840004040186,0.09740974766555914,0.00491007322823874,0.001144785913767008,0.9969564599300924,0.8677202097194312
DS02,15,1000,D,Morozov_tau2.0,1e-06,-0.5459840004040186,0.09740974766555914,0.00491007322823874,0.001144785913767008,0.9969564599300924,0.8677202097194312
DS02,15,1000,D,Morozov_tau3.0,1e-06,-0.5459840004040186,0.09740974766555914,0.00491007322823874,0.001144785913767008,0.9969564599300924,0.8677202097194312
DS02,15,1000,D,oracle,10.0,0.9924723590250248,0.00679718937073632,0.0025087552540815064,0.0011713821712491083,0.9962693618056545,0.8677202097194312
DS02,15,1000,D,lam_dev,31.622776601683793,0.9904083545687731,0.007672669278646662,0.002735829466103772,0.0016391725352493496,0.9967897376656453,0.8677202097194312
DS03,10,1,B,L_curve,10.0,0.8242805299353367,0.03650635115708289,0.02819753084344728,0.022191717814247402,0.9435189050825213,29.487016957573108
DS03,10,1,B,Morozov_tau1.0,1000.0,0.5192012486945775,0.06038654052691876,0.008672256115348276,0.013676392456944677,0.9763838937317599,29.487016957573108
DS03,10,1,B,Morozov_tau1.5,3162.2776601683795,0.31497016648064113,0.07207974265676449,0.006563080691050801,0.009733712442125774,0.978549571465562,29.487016957573108
DS03,10,1,B,Morozov_tau2.0,10000.0,0.15182209190013352,0.08020509597090378,0.0058095205490510905,0.0061763811452034256,0.9789002817679879,29.487016957573108
DS03,10,1,B,Morozov_tau3.0,10000.0,0.15182209190013352,0.08020509597090378,0.0058095205490510905,0.0061763811452034256,0.9789002817679879,29.487016957573108
DS03,10,1,B,oracle,31.622776601683793,0.8625667708974504,0.03228526533018203,0.02357419788538726,0.019576852393150327,0.9566391180810173,29.487016957573108
DS03,10,1,B,lam_dev,100.0,0.8441768735238717,0.034377511934802915,0.017896126201358994,0.01682487325512525,0.9651068496524183,29.487016957573108
DS03,10,1,D,L_curve,0.03162277660168379,-0.001602546360128576,0.08715778697832065,0.008287404089972143,0.0009917409907322663,0.9886504715515547,29.487016957573108
DS03,10,1,D,Morozov_tau1.0,316.22776601683796,0.8112911723461141,0.03783158986963515,0.004287031022378209,0.006978723265481316,0.9851149580718516,29.487016957573108
DS03,10,1,D,Morozov_tau1.5,3162.2776601683795,0.3341849569544314,0.07106164981354522,0.004381286334743849,0.006226508342425533,0.9875309893506946,29.487016957573108
DS03,10,1,D,Morozov_tau2.0,10000.0,0.16086212934648159,0.07977653058572104,0.004942148255231781,0.004502289365033368,0.9879234896366972,29.487016957573108
DS03,10,1,D,Morozov_tau3.0,10000.0,0.16086212934648159,0.07977653058572104,0.004942148255231781,0.004502289365033368,0.9879234896366972,29.487016957573108
DS03,10,1,D,oracle,31.622776601683793,0.9755748708767032,0.013610588967196273,0.005753560535579116,0.0022917771707037554,0.9814097625497489,29.487016957573108
DS03,10,1,D,lam_dev,3.1622776601683795,0.833757813067397,0.03550823670291541,0.007977193788772523,0.0008608807803702825,0.9850514335850962,29.487016957573108
DS03,10,10,B,L_curve,3.1622776601683795,0.9602362048979017,0.01736610402622553,0.014451708069138043,0.009544849977622644,0.9589773065618914,9.324613498993962
DS03,10,10,B,Morozov_tau1.0,100.0,0.8693876334447382,0.031473905303049034,0.008044978112555183,0.00929606403065149,0.9901451817497563,9.324613498993962
DS03,10,10,B,Morozov_tau1.5,316.22776601683796,0.7056599225447051,0.047247973330474737,0.006045631729066326,0.010986239994930917,0.9924449263715331,9.324613498993962
DS03,10,10,B,Morozov_tau2.0,1000.0,0.5017058144574555,0.0614754044031802,0.0050069749047734775,0.010460891280157364,0.993567021565109,9.324613498993962
DS03,10,10,B,Morozov_tau3.0,3162.2776601683795,0.3021532001553636,0.07275092677931665,0.004897570001792132,0.007678817250829385,0.9941323460286231,9.324613498993962
DS03,10,10,B,oracle,10.0,0.9658874070875295,0.01608480685696301,0.012473070056185592,0.008850043238080665,0.9804562131440067,9.324613498993962
DS03,10,10,B,lam_dev,31.622776601683793,0.9489605989552757,0.019674842714200946,0.010471971000751182,0.008401959136332258,0.9862336469482869,9.324613498993962
DS03,10,10,D,L_curve,3.1622776601683795,0.9863858274218692,0.010161413168165146,0.003383425970634049,0.0018573427655270809,0.973110767105824,9.324613498993962
DS03,10,10,D,Morozov_tau1.0,100.0,0.9226107439641577,0.02422695431807614,0.004013696272307471,0.004458570847388696,0.9926804280174295,9.324613498993962
DS03,10,10,D,Morozov_tau1.5,316.22776601683796,0.7699796059651313,0.04176780533429555,0.004053465490222122,0.006523818783121694,0.9942095491519932,9.324613498993962
DS03,10,10,D,Morozov_tau2.0,1000.0,0.5360718571542703,0.059317637252520775,0.004264462318553639,0.007033276886163389,0.9950601094738527,9.324613498993962
DS03,10,10,D,Morozov_tau3.0,1000.0,0.5360718571542703,0.059317637252520775,0.004264462318553639,0.007033276886163389,0.9950601094738527,9.324613498993962
DS03,10,10,D,oracle,10.0,0.987838761340684,0.009603894713193398,0.0034720489411399556,0.0020152687163531675,0.9791747951496502,9.324613498993962
DS03,10,10,D,lam_dev,1.0,0.9739248711925873,0.01406279726349637,0.0031864041090263603,0.00177489621104044,0.9776661898542764,9.324613498993962
DS03,10,100,B,L_curve,1.0,0.9672252941550038,0.015766231017376682,0.012416405583499166,0.0056202189242945365,0.9500236672590116,2.9487016957573107
DS03,10,100,B,Morozov_tau1.0,31.622776601683793,0.9589391477744028,0.017647064135231098,0.006172839093594998,0.006296038661738679,0.992276856103766,2.9487016957573107
DS03,10,100,B,Morozov_tau1.5,31.622776601683793,0.9589391477744028,0.017647064135231098,0.006172839093594998,0.006296038661738679,0.992276856103766,2.9487016957573107
DS03,10,100,B,Morozov_tau2.0,100.0,0.8762666342135513,0.030633872321478243,0.005007221003553622,0.007917461172001154,0.9945261559830154,2.9487016957573107
DS03,10,100,B,Morozov_tau3.0,316.22776601683796,0.710179513246981,0.046883823824251006,0.00430258981934534,0.010257860529278353,0.995631607792502,2.9487016957573107
DS03,10,100,B,oracle,3.1622776601683795,0.982697886729417,0.011455342010183485,0.008342802728840559,0.005552913336555391,0.9835061487290782,2.9487016957573107
DS03,10,100,B,lam_dev,31.622776601683793,0.9589391477744028,0.017647064135231098,0.006172839093594998,0.006296038661738679,0.992276856103766,2.9487016957573107
DS03,10,100,D,L_curve,3.1622776601683795,0.9926785327590232,0.00745173747575477,0.002967232584333189,0.0009105430866460289,0.9816469891652478,2.9487016957573107
DS03,10,100,D,Morozov_tau1.0,1e-06,0.4898253770524509,0.062203942415700195,0.004301839360487905,0.001050425074618814,0.9542230035860103,2.9487016957573107
DS03,10,100,D,Morozov_tau1.5,1e-06,0.4898253770524509,0.062203942415700195,0.004301839360487905,0.001050425074618814,0.9542230035860103,2.9487016957573107
DS03,10,100,D,Morozov_tau2.0,100.0,0.9293206211997366,0.023152870704423293,0.0038268410179132864,0.004296943022616214,0.9944657886397223,2.9487016957573107
DS03,10,100,D,Morozov_tau3.0,100.0,0.9293206211997366,0.023152870704423293,0.0038268410179132864,0.004296943022616214,0.9944657886397223,2.9487016957573107
DS03,10,100,D,oracle,3.1622776601683795,0.9926785327590232,0.00745173747575477,0.002967232584333189,0.0009105430866460289,0.9816469891652478,2.9487016957573107
DS03,10,100,D,lam_dev,0.1,0.8529748768413316,0.03339290950275718,0.004018324970536837,0.0009012335813402831,0.9890153888174944,2.9487016957573107
DS03,10,1000,B,L_curve,1.0,0.9685193910865004,0.01545183445452332,0.013314771663590559,0.00505988052812744,0.9537856419166452,0.9324613498993962
DS03,10,1000,B,Morozov_tau1.0,1e-06,-16.845657774733013,0.36789574483340043,0.3494973536869836,0.005732684301422563,0.30129054394198795,0.9324613498993962
DS03,10,1000,B,Morozov_tau1.5,1e-06,-16.845657774733013,0.36789574483340043,0.3494973536869836,0.005732684301422563,0.30129054394198795,0.9324613498993962
DS03,10,1000,B,Morozov_tau2.0,0.03162277660168379,-3.7374617808266883,0.18955329765496245,0.1802056924268067,0.005143557183027919,0.4337861881647003,0.9324613498993962
DS03,10,1000,B,Morozov_tau3.0,31.622776601683793,0.9615276574635151,0.017081767247514142,0.005606945394426023,0.0059149832345299315,0.993096806107086,0.9324613498993962
DS03,10,1000,B,oracle,3.1622776601683795,0.9844449916817861,0.01086159508352095,0.007674282131734219,0.005025278887407806,0.9855113870773176,0.9324613498993962
DS03,10,1000,B,lam_dev,31.622776601683793,0.9615276574635151,0.017081767247514142,0.005606945394426023,0.0059149832345299315,0.993096806107086,0.9324613498993962
DS03,10,1000,D,L_curve,3.1622776601683795,0.9944790078232124,0.006470935194424202,0.002985749202528385,0.0009755321957826536,0.9871662938989963,0.9324613498993962
DS03,10,1000,D,Morozov_tau1.0,1e-06,0.59583584038019,0.055365265116569994,0.003063368348532909,0.0010215782643496272,0.9479518196950302,0.9324613498993962
DS03,10,1000,D,Morozov_tau1.5,1e-06,0.59583584038019,0.055365265116569994,0.003063368348532909,0.0010215782643496272,0.9479518196950302,0.9324613498993962
DS03,10,1000,D,Morozov_tau2.0,1e-06,0.59583584038019,0.055365265116569994,0.003063368348532909,0.0010215782643496272,0.9479518196950302,0.9324613498993962
DS03,10,1000,D,Morozov_tau3.0,1e-06,0.59583584038019,0.055365265116569994,0.003063368348532909,0.0010215782643496272,0.9479518196950302,0.9324613498993962
DS03,10,1000,D,oracle,3.1622776601683795,0.9944790078232124,0.006470935194424202,0.002985749202528385,0.0009755321957826536,0.9871662938989963,0.9324613498993962
DS03,10,1000,D,lam_dev,0.1,0.8201156633345232,0.03693645054922433,0.0028508209414391797,0.0009218319138326146,0.9738386984168838,0.9324613498993962
DS03,11,1,B,L_curve,10.0,0.7751438299627087,0.03956761207252821,0.03631227101285742,0.02297999493941984,0.8957589472968195,26.408076335465324
DS03,11,1,B,Morozov_tau1.0,1000.0,0.7077650954933105,0.04510799046878965,0.008382139554707325,0.013007136317583748,0.957687569924969,26.408076335465324
DS03,11,1,B,Morozov_tau1.5,3162.2776601683795,0.47784599091781743,0.060295756032023876,0.006291377092984603,0.009146192303215034,0.9636254593738586,26.408076335465324
DS03,11,1,B,Morozov_tau2.0,10000.0,0.23645883097320375,0.07291278145349701,0.005718504637240508,0.005154559709487493,0.9644542221565756,26.408076335465324
DS03,11,1,B,Morozov_tau3.0,10000.0,0.23645883097320375,0.07291278145349701,0.005718504637240508,0.005154559709487493,0.9644542221565756,26.408076335465324
DS03,11,1,B,oracle,100.0,0.8823171652197788,0.028624901257370338,0.020052387987997664,0.01663503652594822,0.931023541394445,26.408076335465324
DS03,11,1,B,lam_dev,100.0,0.8823171652197788,0.028624901257370338,0.020052387987997664,0.01663503652594822,0.931023541394445,26.408076335465324
DS03,11,1,D,L_curve,0.03162277660168379,-0.9891512920747745,0.11768506314763612,0.007856300093570525,0.0033919013646764155,0.9857401793443005,26.408076335465324
DS03,11,1,D,Morozov_tau1.0,1e-06,-0.9893515237517447,0.11769098619749817,0.007856699200254448,0.0033921359010804946,0.9857404879896194,26.408076335465324
DS03,11,1,D,Morozov_tau1.5,3162.2776601683795,0.48718342201009235,0.059754203907907776,0.003993790321020913,0.005519585911041772,0.9877090894451003,26.408076335465324
DS03,11,1,D,Morozov_tau2.0,3162.2776601683795,0.48718342201009235,0.059754203907907776,0.003993790321020913,0.005519585911041772,0.9877090894451003,26.408076335465324
DS03,11,1,D,Morozov_tau3.0,10000.0,0.2401041981369414,0.07273851981970708,0.004697584177289141,0.003061345739567195,0.9884805871391554,26.408076335465324
DS03,11,1,D,oracle,100.0,0.9386530946421481,0.020667301086386217,0.00300260905400252,0.0036817082784644725,0.9731208580245688,26.408076335465324
DS03,11,1,D,lam_dev,3.1622776601683795,0.5847251534860978,0.05377188359424399,0.007810517790598027,0.003127003797738656,0.9654431728896272,26.408076335465324
DS03,11,10,B,L_curve,3.1622776601683795,0.949502492465825,0.018750912530986527,0.015717149168584667,0.009382530126641562,0.9589122857413804,8.350966984366323
DS03,11,10,B,Morozov_tau1.0,316.22776601683796,0.8872591131798426,0.028017421251292744,0.004898834484788001,0.008327497910059461,0.9911363017139455,8.350966984366323
DS03,11,10,B,Morozov_tau1.5,316.22776601683796,0.8872591131798426,0.028017421251292744,0.004898834484788001,0.008327497910059461,0.9911363017139455,8.350966984366323
DS03,11,10,B,Morozov_tau2.0,1000.0,0.7283988834363944,0.04348637554906137,0.004058028833784796,0.009135929351697207,0.9935049294048065,8.350966984366323
DS03,11,10,B,Morozov_tau3.0,1000.0,0.7283988834363944,0.04348637554906137,0.004058028833784796,0.009135929351697207,0.9935049294048065,8.350966984366323
DS03,11,10,B,oracle,31.622776601683793,0.9677990233128774,0.014973452831362864,0.009353323111413138,0.007356550910036344,0.9769509219703544,8.350966984366323
DS03,11,10,B,lam_dev,31.622776601683793,0.9677990233128774,0.014973452831362864,0.009353323111413138,0.007356550910036344,0.9769509219703544,8.350966984366323
DS03,11,10,D,L_curve,0.00031622776601683794,-0.9718549332480326,0.11717228985420787,0.006761049602440453,0.001131214544261042,0.9936083009791651,8.350966984366323
DS03,11,10,D,Morozov_tau1.0,1e-06,-0.9718579110674199,0.11717237832871447,0.00676105282301212,0.0011312087709503525,0.993608282619624,8.350966984366323
DS03,11,10,D,Morozov_tau1.5,316.22776601683796,0.8894206081610557,0.027747543131676003,0.0026897789494521205,0.00485073034271937,0.9910338393450644,8.350966984366323
DS03,11,10,D,Morozov_tau2.0,1000.0,0.7309833344301238,0.0432789812483159,0.003228553776621463,0.0064811339264761484,0.9927857574573276,8.350966984366323
DS03,11,10,D,Morozov_tau3.0,1000.0,0.7309833344301238,0.0432789812483159,0.003228553776621463,0.0064811339264761484,0.9927857574573276,8.350966984366323
DS03,11,10,D,oracle,31.622776601683793,0.9726616058662361,0.0137966592047862,0.003169098864513637,0.00112864986776746,0.9899280079240153,8.350966984366323
DS03,11,10,D,lam_dev,1.0,0.831086409378248,0.03429412555664544,0.006722968027704407,0.0008951796116036339,0.9866881154819475,8.350966984366323
DS03,11,100,B,L_curve,3.1622776601683795,0.9731673759944286,0.013668441839759883,0.009329517428679497,0.00671475248513518,0.9818498968783537,2.6408076335465327
DS03,11,100,B,Morozov_tau1.0,31.622776601683793,0.9775298914287369,0.012508061906152659,0.006667375974803673,0.005277866106551034,0.9888165720338931,2.6408076335465327
DS03,11,100,B,Morozov_tau1.5,100.0,0.9641912693102533,0.015789991638825326,0.00489104822718066,0.005389431054296915,0.9928963085710399,2.6408076335465327
DS03,11,100,B,Morozov_tau2.0,100.0,0.9641912693102533,0.015789991638825326,0.00489104822718066,0.005389431054296915,0.9928963085710399,2.6408076335465327
DS03,11,100,B,Morozov_tau3.0,316.22776601683796,0.8893667219031897,0.02775430311256678,0.0033128407189033887,0.007137608419978294,0.9953406172881683,2.6408076335465327
DS03,11,100,B,oracle,31.622776601683793,0.9775298914287369,0.012508061906152659,0.006667375974803673,0.005277866106551034,0.9888165720338931,2.6408076335465327
DS03,11,100,B,lam_dev,31.622776601683793,0.9775298914287369,0.012508061906152659,0.006667375974803673,0.005277866106551034,0.9888165720338931,2.6408076335465327
DS03,11,100,D,L_curve,3.1622776601683795,0.9537840225415196,0.017938391906018328,0.004115114274413147,0.0005419856657236832,0.9908660494154531,2.6408076335465327
DS03,11,100,D,Morozov_tau1.0,1e-06,-0.015136442938918693,0.08407166453885201,0.007466184620838344,0.0006774963173362739,0.9440538942429363,2.6408076335465327
DS03,11,100,D,Morozov_tau1.5,1e-06,-0.015136442938918693,0.08407166453885201,0.007466184620838344,0.0006774963173362739,0.9440538942429363,2.6408076335465327
DS03,11,100,D,Morozov_tau2.0,10.0,0.9756050691772066,0.013032785037116938,0.00352854415328493,0.0005958933831442397,0.9942731263515112,2.6408076335465327
DS03,11,100,D,Morozov_tau3.0,100.0,0.9659836454456263,0.01538974136835183,0.002589342567029122,0.0022374328802597593,0.9952259763236926,2.6408076335465327
DS03,11,100,D,oracle,31.622776601683793,0.9804674351497383,0.011661839877190447,0.0029404343520889934,0.0008924268690262389,0.995442210527241,2.6408076335465327
DS03,11,100,D,lam_dev,0.1,0.6371882994942915,0.050260647449860384,0.007465691718799792,0.0006022519633229928,0.9716694316437136,2.6408076335465327
DS03,11,1000,B,L_curve,1.0,0.9704885913746785,0.014334495293413428,0.012937238474286536,0.006403484820427656,0.9783942306306184,0.8350966984366324
DS03,11,1000,B,Morozov_tau1.0,1e-06,-10.56380666561229,0.28375129199624843,0.33672671372711044,0.007185284633146979,0.12917389030269424,0.8350966984366324
DS03,11,1000,B,Morozov_tau1.5,1e-06,-10.56380666561229,0.28375129199624843,0.33672671372711044,0.007185284633146979,0.12917389030269424,0.8350966984366324
DS03,11,1000,B,Morozov_tau2.0,0.1,0.2950634065300549,0.07005876291550395,0.08485937914983056,0.006587312473150716,0.5516185780836499,0.8350966984366324
DS03,11,1000,B,Morozov_tau3.0,31.622776601683793,0.9790299174622352,0.012083354209919918,0.0058518939214583406,0.004798431616501412,0.9945374857556275,0.8350966984366324
DS03,11,1000,B,oracle,31.622776601683793,0.9790299174622352,0.012083354209919918,0.0058518939214583406,0.004798431616501412,0.9945374857556275,0.8350966984366324
DS03,11,1000,B,lam_dev,31.622776601683793,0.9790299174622352,0.012083354209919918,0.0058518939214583406,0.004798431616501412,0.9945374857556275,0.8350966984366324
DS03,11,1000,D,L_curve,3.1622776601683795,0.9514547674975237,0.018384877027966554,0.003652816957970451,0.0005170936535345964,0.9891660600732303,0.8350966984366324
DS03,11,1000,D,Morozov_tau1.0,1e-06,-0.09512684951129935,0.0873211908904507,0.007458573268023137,0.0006406832587341578,0.9497868442310478,0.8350966984366324
DS03,11,1000,D,Morozov_tau1.5,1e-06,-0.09512684951129935,0.0873211908904507,0.007458573268023137,0.0006406832587341578,0.9497868442310478,0.8350966984366324
DS03,11,1000,D,Morozov_tau2.0,1e-06,-0.09512684951129935,0.0873211908904507,0.007458573268023137,0.0006406832587341578,0.9497868442310478,0.8350966984366324
DS03,11,1000,D,Morozov_tau3.0,1e-06,-0.09512684951129935,0.0873211908904507,0.007458573268023137,0.0006406832587341578,0.9497868442310478,0.8350966984366324
DS03,11,1000,D,oracle,31.622776601683793,0.980660122907545,0.011604175582553297,0.0026843978278860976,0.0008423196323677519,0.9962332797297425,0.8350966984366324
DS03,11,1000,D,lam_dev,0.1,0.6862798677899443,0.046736763164895494,0.007454640357818752,0.0005591231860598639,0.9778671260905977,0.8350966984366324
DS03,12,1,B,L_curve,10.0,0.6886423679055282,0.04149397450305557,0.03092232473150267,0.02229456336150464,0.9006388078125241,31.673681271210793
DS03,12,1,B,Morozov_tau1.0,1000.0,0.6504063864842518,0.043968031580176675,0.010789470489548024,0.01102016319855452,0.9631762628784943,31.673681271210793
DS03,12,1,B,Morozov_tau1.5,3162.2776601683795,0.43378350385476827,0.05595598393868676,0.008331060718865189,0.007745603496347787,0.9695444355744893,31.673681271210793
DS03,12,1,B,Morozov_tau2.0,10000.0,0.21380456595143393,0.06593568714183387,0.007382480799843909,0.004460501934317027,0.972821864421075,31.673681271210793
DS03,12,1,B,Morozov_tau3.0,10000.0,0.21380456595143393,0.06593568714183387,0.007382480799843909,0.004460501934317027,0.972821864421075,31.673681271210793
DS03,12,1,B,oracle,100.0,0.8344213994036338,0.030259195813306196,0.019975742609592225,0.014765727549078745,0.9355143020144508,31.673681271210793
DS03,12,1,B,lam_dev,100.0,0.8344213994036338,0.030259195813306196,0.019975742609592225,0.014765727549078745,0.9355143020144508,31.673681271210793
DS03,12,1,D,L_curve,10.0,0.8899969210013343,0.024663669864673464,0.007023928244643711,0.005814327503272907,0.980151424064953,31.673681271210793
DS03,12,1,D,Morozov_tau1.0,316.22776601683796,0.8265334289890878,0.030971566697825425,0.005550865020832692,0.006704809688370868,0.9884244192904612,31.673681271210793
DS03,12,1,D,Morozov_tau1.5,3162.2776601683795,0.44072066415833344,0.055612147320058564,0.005969630927094915,0.004777738009089034,0.9906044418931782,31.673681271210793
DS03,12,1,D,Morozov_tau2.0,10000.0,0.21641622778107783,0.0658260801935743,0.006422840943807979,0.002820907312832543,0.9904941487355018,31.673681271210793
DS03,12,1,D,Morozov_tau3.0,10000.0,0.21641622778107783,0.0658260801935743,0.006422840943807979,0.002820907312832543,0.9904941487355018,31.673681271210793
DS03,12,1,D,oracle,31.622776601683793,0.9148719412270673,0.02169659802699453,0.006859541698899146,0.005796416251247496,0.9854726390587709,31.673681271210793
DS03,12,1,D,lam_dev,3.1622776601683795,0.8239239383358102,0.031203652714552766,0.007333677731851511,0.005914652892448815,0.9770380964303843,31.673681271210793
DS03,12,10,B,L_curve,3.1622776601683795,0.940579510166854,0.01812689385476336,0.012027955976278785,0.008549509483135879,0.9796343709962829,10.016097469924349
DS03,12,10,B,Morozov_tau1.0,316.22776601683796,0.8152645693929725,0.031961737216185115,0.005458267357036347,0.008398880218541049,0.9908656678055953,10.016097469924349
DS03,12,10,B,Morozov_tau1.5,316.22776601683796,0.8152645693929725,0.031961737216185115,0.005458267357036347,0.008398880218541049,0.9908656678055953,10.016097469924349
DS03,12,10,B,Morozov_tau2.0,1000.0,0.6544705941694413,0.04371170880690801,0.005075771183211557,0.008027255716276103,0.9920720275121893,10.016097469924349
DS03,12,10,B,Morozov_tau3.0,3162.2776601683795,0.4320076834889097,0.0560436624034518,0.005590192417650254,0.00613154754985234,0.992808279305445,10.016097469924349
DS03,12,10,B,oracle,3.1622776601683795,0.940579510166854,0.01812689385476336,0.012027955976278785,0.008549509483135879,0.9796343709962829,10.016097469924349
DS03,12,10,B,lam_dev,31.622776601683793,0.9332388433808294,0.01921397423181991,0.008664804244402455,0.007326116071431731,0.986743903214355,10.016097469924349
DS03,12,10,D,L_curve,3.1622776601683795,0.9241581125083983,0.02047905178948552,0.007142627791910913,0.002459683348733155,0.9897795451270817,10.016097469924349
DS03,12,10,D,Morozov_tau1.0,100.0,0.9124076933463356,0.02200838929547635,0.004058541344537056,0.004152112759712145,0.9934149751117879,10.016097469924349
DS03,12,10,D,Morozov_tau1.5,316.22776601683796,0.8234045635047926,0.031249639824392147,0.0038228288515143693,0.005611984341821024,0.9943016504670501,10.016097469924349
DS03,12,10,D,Morozov_tau2.0,1000.0,0.6592134908710678,0.04341066860004166,0.0044704214913983895,0.005755997125802931,0.9947926984147027,10.016097469924349
DS03,12,10,D,Morozov_tau3.0,3162.2776601683795,0.4349367927959862,0.05589896836921592,0.005425057819607277,0.004656356581299039,0.9949917968437295,10.016097469924349
DS03,12,10,D,oracle,10.0,0.9398240395620072,0.01824176233420209,0.00585732510029817,0.002627972094814993,0.9906218042640779,10.016097469924349
DS03,12,10,D,lam_dev,1.0,0.8881778857512175,0.024866755689649758,0.00792811800315863,0.002454733392005162,0.9910513258583186,10.016097469924349
DS03,12,100,B,L_curve,3.1622776601683795,0.9577409433611523,0.015286750481335144,0.007358905981693341,0.005272333986317129,0.9932162363826507,3.167368127121079
DS03,12,100,B,Morozov_tau1.0,31.622776601683793,0.9453470031559527,0.017384502564057727,0.005164032450272027,0.004745708446026445,0.9953108979352526,3.167368127121079
DS03,12,100,B,Morozov_tau1.5,100.0,0.9123859446871787,0.022011121403281642,0.004250639109762454,0.005811589557328647,0.9958052428705475,3.167368127121079
DS03,12,100,B,Morozov_tau2.0,100.0,0.9123859446871787,0.022011121403281642,0.004250639109762454,0.005811589557328647,0.9958052428705475,3.167368127121079
DS03,12,100,B,Morozov_tau3.0,316.22776601683796,0.8204828621364452,0.031507085797918416,0.004023443199060465,0.0072880054690941,0.9961671571953555,3.167368127121079
DS03,12,100,B,oracle,3.1622776601683795,0.9577409433611523,0.015286750481335144,0.007358905981693341,0.005272333986317129,0.9932162363826507,3.167368127121079
DS03,12,100,B,lam_dev,31.622776601683793,0.9453470031559527,0.017384502564057727,0.005164032450272027,0.004745708446026445,0.9953108979352526,3.167368127121079
DS03,12,100,D,L_curve,3.1622776601683795,0.9485129481599787,0.016873465592488278,0.005879973150996667,0.0024883542764342994,0.9940652995700056,3.167368127121079
DS03,12,100,D,Morozov_tau1.0,1e-06,0.8386881233960298,0.029866783212442325,0.008244193402131242,0.002515936348217822,0.9871070816873165,3.167368127121079
DS03,12,100,D,Morozov_tau1.5,1e-06,0.8386881233960298,0.029866783212442325,0.008244193402131242,0.002515936348217822,0.9871070816873165,3.167368127121079
DS03,12,100,D,Morozov_tau2.0,100.0,0.9165543766953778,0.021481126833838265,0.0036005824232349854,0.004271833765580652,0.9954579413647354,3.167368127121079
DS03,12,100,D,Morozov_tau3.0,316.22776601683796,0.8262507794227925,0.03099678924279129,0.0037191549320162377,0.005653890200307273,0.9957395699623087,3.167368127121079
DS03,12,100,D,oracle,10.0,0.9519791487007866,0.01629559435579452,0.004750554138394646,0.002594776127219055,0.9948469722991193,3.167368127121079
DS03,12,100,D,lam_dev,0.1,0.8833210069244473,0.02540104677063333,0.007915578680852046,0.0024932130342817144,0.9906932836912996,3.167368127121079
DS03,12,1000,B,L_curve,3.1622776601683795,0.9606883457009399,0.0147440209018188,0.0062821156826212655,0.004654921221991242,0.9938891166327831,1.001609746992435
DS03,12,1000,B,Morozov_tau1.0,1e-06,-16.004086606592644,0.30664220700269096,0.2805462834712808,0.004976648862361726,0.11046481971021545,1.001609746992435
DS03,12,1000,B,Morozov_tau1.5,1e-06,-16.004086606592644,0.30664220700269096,0.2805462834712808,0.004976648862361726,0.11046481971021545,1.001609746992435
DS03,12,1000,B,Morozov_tau2.0,0.03162277660168379,-3.30821561287497,0.15434906144750135,0.14419352434705218,0.004815072745824358,0.3083497449249036,1.001609746992435
DS03,12,1000,B,Morozov_tau3.0,31.622776601683793,0.9467538225363732,0.017159297168594625,0.004667486537255199,0.004285392072713754,0.9954976752511132,1.001609746992435
DS03,12,1000,B,oracle,1.0,0.964667878675308,0.013977842235970688,0.010247091129648878,0.004806591724526559,0.9845755628020187,1.001609746992435
DS03,12,1000,B,lam_dev,31.622776601683793,0.9467538225363732,0.017159297168594625,0.004667486537255199,0.004285392072713754,0.9954976752511132,1.001609746992435
DS03,12,1000,D,L_curve,0.1,0.9463277737672725,0.01722781036412087,0.005938023907565935,0.002321855640979703,0.984992975598189,1.001609746992435
DS03,12,1000,D,Morozov_tau1.0,1e-06,0.9449309540250146,0.017450547380483846,0.006094318839448163,0.002321937641690882,0.9847245431625699,1.001609746992435
DS03,12,1000,D,Morozov_tau1.5,1e-06,0.9449309540250146,0.017450547380483846,0.006094318839448163,0.002321937641690882,0.9847245431625699,1.001609746992435
DS03,12,1000,D,Morozov_tau2.0,1e-06,0.9449309540250146,0.017450547380483846,0.006094318839448163,0.002321937641690882,0.9847245431625699,1.001609746992435
DS03,12,1000,D,Morozov_tau3.0,1e-06,0.9449309540250146,0.017450547380483846,0.006094318839448163,0.002321937641690882,0.9847245431625699,1.001609746992435
DS03,12,1000,D,oracle,10.0,0.9538488115362,0.01597521539519419,0.004004106731366888,0.0025091657155050314,0.9949269193204456,1.001609746992435
DS03,12,1000,D,lam_dev,0.1,0.9463277737672725,0.01722781036412087,0.005938023907565935,0.002321855640979703,0.984992975598189,1.001609746992435
DS03,13,1,B,L_curve,10.0,0.7733122727203512,0.04130867091305062,0.04844433794706401,0.025507902095983387,0.8988293212246846,32.719098375551575
DS03,13,1,B,Morozov_tau1.0,1000.0,0.5018284676939007,0.06123738981283135,0.01376461285267052,0.013976676713112484,0.9572876108702578,32.719098375551575
DS03,13,1,B,Morozov_tau1.5,10000.0,0.1474798188203975,0.08010867565265516,0.007273797839606119,0.006339922629781798,0.9598936350040481,32.719098375551575
DS03,13,1,B,Morozov_tau2.0,10000.0,0.1474798188203975,0.08010867565265516,0.007273797839606119,0.006339922629781798,0.9598936350040481,32.719098375551575
DS03,13,1,B,Morozov_tau3.0,10000.0,0.1474798188203975,0.08010867565265516,0.007273797839606119,0.006339922629781798,0.9598936350040481,32.719098375551575
DS03,13,1,B,oracle,31.622776601683793,0.8213157642118247,0.03667501814109185,0.039938459551614014,0.02176333414559323,0.923501826857405,32.719098375551575
DS03,13,1,B,lam_dev,100.0,0.8075339109798024,0.038063115123118565,0.029881741345443708,0.018149500650747826,0.9418361926989801,32.719098375551575
DS03,13,1,D,L_curve,0.03162277660168379,0.07142384852077177,0.08360571793335743,0.011613517286113054,0.002914626168793403,0.9818285420162768,32.719098375551575
DS03,13,1,D,Morozov_tau1.0,316.22776601683796,0.7871832379396138,0.0400248887471492,0.0042419135132648516,0.006334546449614394,0.9803080769158052,32.719098375551575
DS03,13,1,D,Morozov_tau1.5,3162.2776601683795,0.32529325688279587,0.07126638719949102,0.004749006494791921,0.006111036094083335,0.9833459078150525,32.719098375551575
DS03,13,1,D,Morozov_tau2.0,10000.0,0.15664248219322374,0.07967701916618058,0.005627611136414087,0.004500545753445451,0.9839055300652632,32.719098375551575
DS03,13,1,D,Morozov_tau3.0,10000.0,0.15664248219322374,0.07967701916618058,0.005627611136414087,0.004500545753445451,0.9839055300652632,32.719098375551575
DS03,13,1,D,oracle,31.622776601683793,0.9647975604910497,0.016278470553059712,0.006366682817776563,0.002402873729172795,0.9716208791653043,32.719098375551575
DS03,13,1,D,lam_dev,3.1622776601683795,0.8801678515515281,0.030034049395429262,0.009256119126623366,0.0026657442044411947,0.9694405835958465,32.719098375551575
DS03,13,10,B,L_curve,3.1622776601683795,0.9639771603784393,0.0164670646322138,0.01382112388184027,0.009308115777025014,0.9586409821837819,10.346687385385826
DS03,13,10,B,Morozov_tau1.0,316.22776601683796,0.7193391456490559,0.04596403421444839,0.005716521502619211,0.010966439155284292,0.989892091316459,10.346687385385826
DS03,13,10,B,Morozov_tau1.5,316.22776601683796,0.7193391456490559,0.04596403421444839,0.005716521502619211,0.010966439155284292,0.989892091316459,10.346687385385826
DS03,13,10,B,Morozov_tau2.0,1000.0,0.5146844099899538,0.06044207133573515,0.005136107423579621,0.010746091849858403,0.9906090389066667,10.346687385385826
DS03,13,10,B,Morozov_tau3.0,3162.2776601683795,0.31171117671411785,0.0719801216812465,0.005421951275902125,0.008054740743272054,0.9909822361314434,10.346687385385826
DS03,13,10,B,oracle,10.0,0.968545753890041,0.015387457204353402,0.011712996291657273,0.008796983674633321,0.9807857454076047,10.346687385385826
DS03,13,10,B,lam_dev,31.622776601683793,0.9532058285586053,0.018768220568823605,0.009657170923853023,0.008663292362562799,0.986115283602341,10.346687385385826
DS03,13,10,D,L_curve,0.03162277660168379,0.10339302667601269,0.08215391681592077,0.007928552175267617,0.0006882330073743837,0.9925418677476385,10.346687385385826
DS03,13,10,D,Morozov_tau1.0,10.0,0.9917079733568253,0.007900554298787298,0.004488142468047095,0.0006142194683213272,0.9898661393875866,10.346687385385826
DS03,13,10,D,Morozov_tau1.5,316.22776601683796,0.7898687418409438,0.03977155287023155,0.003400027427489514,0.00572635595599657,0.993674861097482,10.346687385385826
DS03,13,10,D,Morozov_tau2.0,316.22776601683796,0.7898687418409438,0.03977155287023155,0.003400027427489514,0.00572635595599657,0.993674861097482,10.346687385385826
DS03,13,10,D,Morozov_tau3.0,1000.0,0.5528375500375673,0.05801761627067794,0.00415940992248056,0.006931580332233873,0.9935830923400015,10.346687385385826
DS03,13,10,D,oracle,10.0,0.9917079733568253,0.007900554298787298,0.004488142468047095,0.0006142194683213272,0.9898661393875866,10.346687385385826
DS03,13,10,D,lam_dev,1.0,0.9027537887144266,0.027055998296388495,0.007921236045646301,0.0006204226610282751,0.9772042826939752,10.346687385385826
DS03,13,100,B,L_curve,1.0,0.9721994680871424,0.014466176864994094,0.011020326242870644,0.005948198108037237,0.9500634169534227,3.2719098375551576
DS03,13,100,B,Morozov_tau1.0,31.622776601683793,0.9660621656216599,0.01598340414153768,0.00643660186675575,0.006293895498418644,0.9944834628683461,3.2719098375551576
DS03,13,100,B,Morozov_tau1.5,100.0,0.8883648115579047,0.02898863544593224,0.00511758139539535,0.007929962236210114,0.9951550532445923,3.2719098375551576
DS03,13,100,B,Morozov_tau2.0,100.0,0.8883648115579047,0.02898863544593224,0.00511758139539535,0.007929962236210114,0.9951550532445923,3.2719098375551576
DS03,13,100,B,Morozov_tau3.0,316.22776601683796,0.7257584520097644,0.04543534641815366,0.004233604098611062,0.010321122315410852,0.9952368254012871,3.2719098375551576
DS03,13,100,B,oracle,3.1622776601683795,0.9855666463114426,0.010423434576559972,0.008237086534164613,0.00580872840211461,0.9861316902165003,3.2719098375551576
DS03,13,100,B,lam_dev,31.622776601683793,0.9660621656216599,0.01598340414153768,0.00643660186675575,0.006293895498418644,0.9944834628683461,3.2719098375551576
DS03,13,100,D,L_curve,0.01,0.09465062192558327,0.082553467863488,0.0072146352946652875,0.0002486507845472686,0.9937073068109069,3.2719098375551576
DS03,13,100,D,Morozov_tau1.0,1e-06,0.09461765187602744,0.08255497102194428,0.007214734508265381,0.000248349344423896,0.9937074115702724,3.2719098375551576
DS03,13,100,D,Morozov_tau1.5,1e-06,0.09461765187602744,0.08255497102194428,0.007214734508265381,0.000248349344423896,0.9937074115702724,3.2719098375551576
DS03,13,100,D,Morozov_tau2.0,31.622776601683793,0.9887242162689396,0.009212989720040742,0.003378224181159681,0.0008012342536574869,0.9942187413865359,3.2719098375551576
DS03,13,100,D,Morozov_tau3.0,100.0,0.9461481927608623,0.020133874587554917,0.003277329246378361,0.002768579414985273,0.9956447074425854,3.2719098375551576
DS03,13,100,D,oracle,10.0,0.9946502415214699,0.006345915803450484,0.0033184379836726846,0.0002607953702415603,0.9921117131244146,3.2719098375551576
DS03,13,100,D,lam_dev,0.1,0.23373418729502682,0.07594810509317965,0.007213742482421596,0.00023908277996497797,0.9551844027551394,3.2719098375551576
DS03,13,1000,B,L_curve,1.0,0.9764024762283671,0.013327860362545227,0.009132662746801882,0.005191207556571401,0.9527911833666204,1.0346687385385827
DS03,13,1000,B,Morozov_tau1.0,1e-06,-13.37503613826435,0.32895136312363593,0.20513618924389126,0.005609054116928267,0.2851870168924046,1.0346687385385827
DS03,13,1000,B,Morozov_tau1.5,1e-06,-13.37503613826435,0.32895136312363593,0.20513618924389126,0.005609054116928267,0.2851870168924046,1.0346687385385827
DS03,13,1000,B,Morozov_tau2.0,0.31622776601683794,0.8658259425791933,0.03178055624966888,0.02040378757463735,0.005206588621424315,0.8370460569465316,1.0346687385385827
DS03,13,1000,B,Morozov_tau3.0,31.622776601683793,0.9660092306327172,0.015995864448336724,0.005437991703531341,0.005958378751206964,0.9948274533256196,1.0346687385385827
DS03,13,1000,B,oracle,3.1622776601683795,0.9875470232261077,0.00968197165474966,0.0067759190775717685,0.005149004361594959,0.9871355925494187,1.0346687385385827
DS03,13,1000,B,lam_dev,31.622776601683793,0.9660092306327172,0.015995864448336724,0.005437991703531341,0.005958378751206964,0.9948274533256196,1.0346687385385827
DS03,13,1000,D,L_curve,0.01,0.09744998594335519,0.08242574030910355,0.007075548562882661,0.0002432204008724356,0.9936676377694303,1.0346687385385827
DS03,13,1000,D,Morozov_tau1.0,1e-06,0.09741741802822157,0.08242722743461313,0.007075648880902137,0.00024287790812060653,0.9936677069761883,1.0346687385385827
DS03,13,1000,D,Morozov_tau1.5,1e-06,0.09741741802822157,0.08242722743461313,0.007075648880902137,0.00024287790812060653,0.9936677069761883,1.0346687385385827
DS03,13,1000,D,Morozov_tau2.0,1e-06,0.09741741802822157,0.08242722743461313,0.007075648880902137,0.00024287790812060653,0.9936677069761883,1.0346687385385827
DS03,13,1000,D,Morozov_tau3.0,1e-06,0.09741741802822157,0.08242722743461313,0.007075648880902137,0.00024287790812060653,0.9936677069761883,1.0346687385385827
DS03,13,1000,D,oracle,10.0,0.994621648655451,0.006362851719392481,0.003143747916234223,0.00029309939343047505,0.9926104539062615,1.0346687385385827
DS03,13,1000,D,lam_dev,0.1,0.37319219706492524,0.06869014211769253,0.007074645850831115,0.0002161695764265895,0.9783920250757366,1.0346687385385827
DS03,14,1,B,L_curve,10.0,0.734748966383624,0.04025222228961849,0.0265666575925673,0.018042386726379003,0.8814050887359626,29.081281598023928
DS03,14,1,B,Morozov_tau1.0,3162.2776601683795,0.39893266168417263,0.060593059899285324,0.006027952432352539,0.00715383951609729,0.9747405906426422,29.081281598023928
DS03,14,1,B,Morozov_tau1.5,3162.2776601683795,0.39893266168417263,0.060593059899285324,0.006027952432352539,0.00715383951609729,0.9747405906426422,29.081281598023928
DS03,14,1,B,Morozov_tau2.0,10000.0,0.19625343711597631,0.07006818763445793,0.005719990927868069,0.004046662858704526,0.9796602630902956,29.081281598023928
DS03,14,1,B,Morozov_tau3.0,10000.0,0.19625343711597631,0.07006818763445793,0.005719990927868069,0.004046662858704526,0.9796602630902956,29.081281598023928
DS03,14,1,B,oracle,100.0,0.7823580176532116,0.036461342595140805,0.015248568248003953,0.0126155797353143,0.9258915806774657,29.081281598023928
DS03,14,1,B,lam_dev,100.0,0.7823580176532116,0.036461342595140805,0.015248568248003953,0.0126155797353143,0.9258915806774657,29.081281598023928
DS03,14,1,D,L_curve,0.03162277660168379,0.3993986890690052,0.060569565442811765,0.005802732162134091,0.0019051443684884957,0.9931981599209687,29.081281598023928
DS03,14,1,D,Morozov_tau1.0,1000.0,0.6098507952596924,0.04881762904221439,0.003923741276667881,0.0055353329727216615,0.9888818447902853,29.081281598023928
DS03,14,1,D,Morozov_tau1.5,3162.2776601683795,0.4049809759552192,0.06028742651528256,0.004618840259785135,0.004372000520624245,0.9901772170553377,29.081281598023928
DS03,14,1,D,Morozov_tau2.0,10000.0,0.19858553935243717,0.0699664609899688,0.005166964794313893,0.002430408743489995,0.9911363843785276,29.081281598023928
DS03,14,1,D,Morozov_tau3.0,10000.0,0.19858553935243717,0.0699664609899688,0.005166964794313893,0.002430408743489995,0.9911363843785276,29.081281598023928
DS03,14,1,D,oracle,10.0,0.9509198974619582,0.01731466329659925,0.003546466048176987,0.0018886335216898515,0.9867302452683173,29.081281598023928
DS03,14,1,D,lam_dev,3.1622776601683795,0.9456558799141563,0.01821954808326836,0.005533757165334067,0.0018185527730079079,0.9815960178249005,29.081281598023928
DS03,14,10,B,L_curve,3.1622776601683795,0.822456361796875,0.032931679303474605,0.01335878078322304,0.009097407214606343,0.9615560300678784,9.196308712649685
DS03,14,10,B,Morozov_tau1.0,316.22776601683796,0.7478040881673506,0.03924915769779067,0.0057001210311580525,0.007870988147274913,0.989162074690444,9.196308712649685
DS03,14,10,B,Morozov_tau1.5,1000.0,0.6090633580886469,0.048866868459521484,0.004953182291416391,0.007868089473782688,0.9916825483446035,9.196308712649685
DS03,14,10,B,Morozov_tau2.0,1000.0,0.6090633580886469,0.048866868459521484,0.004953182291416391,0.007868089473782688,0.9916825483446035,9.196308712649685
DS03,14,10,B,Morozov_tau3.0,3162.2776601683795,0.40749251811722165,0.06016005703341943,0.004990528282190466,0.0059722590749198765,0.9929205786267302,9.196308712649685
DS03,14,10,B,oracle,31.622776601683793,0.8372534393909029,0.0315295105879101,0.009443481822130896,0.007598167982296367,0.9769912893595469,9.196308712649685
DS03,14,10,B,lam_dev,31.622776601683793,0.8372534393909029,0.0315295105879101,0.009443481822130896,0.007598167982296367,0.9769912893595469,9.196308712649685
DS03,14,10,D,L_curve,10.0,0.8680507957136254,0.028389955233319088,0.0028335771617273822,0.002196576552799676,0.9849617599412758,9.196308712649685
DS03,14,10,D,Morozov_tau1.0,1e-06,0.6579299434528965,0.04571080290006921,0.005416953437561177,0.002284560367461442,0.954571760181817,9.196308712649685
DS03,14,10,D,Morozov_tau1.5,316.22776601683796,0.7538376552639481,0.03877681457394493,0.0034076729475288232,0.004828342865749745,0.9942481447181407,9.196308712649685
DS03,14,10,D,Morozov_tau2.0,1000.0,0.6129062558368432,0.04862609523111015,0.003923286825579029,0.005505422774313212,0.9952317850904383,9.196308712649685
DS03,14,10,D,Morozov_tau3.0,3162.2776601683795,0.40999172218473146,0.06003304501581958,0.004584052369828741,0.004356339479240152,0.9955220782381756,9.196308712649685
DS03,14,10,D,oracle,0.31622776601683794,0.9474785192280828,0.017911411059926326,0.005410949200861449,0.0021455350919742456,0.9764065946675538,9.196308712649685
DS03,14,10,D,lam_dev,1.0,0.9214961800988,0.021898114117608013,0.004943051658227395,0.0021116531858904578,0.9739125465671062,9.196308712649685
DS03,14,100,B,L_curve,3.1622776601683795,0.8461742232157734,0.03065320420202704,0.008254891008893137,0.005379791865129514,0.9850314592546243,2.9081281598023927
DS03,14,100,B,Morozov_tau1.0,31.622776601683793,0.8480907723061997,0.030461648175195477,0.005379307824838335,0.004537203553061423,0.9910196164101924,2.9081281598023927
DS03,14,100,B,Morozov_tau1.5,100.0,0.8244974134360766,0.032741839907551834,0.003913529514397003,0.0048446252213722295,0.9937606557995404,2.9081281598023927
DS03,14,100,B,Morozov_tau2.0,100.0,0.8244974134360766,0.032741839907551834,0.003913529514397003,0.0048446252213722295,0.9937606557995404,2.9081281598023927
DS03,14,100,B,Morozov_tau3.0,316.22776601683796,0.7495877474170596,0.03911011629952158,0.003346503849662462,0.006120902481476364,0.9954998618981179,2.9081281598023927
DS03,14,100,B,oracle,10.0,0.8509845234566589,0.03017011794061565,0.006905837307724908,0.00501567853995348,0.9884749176941585,2.9081281598023927
DS03,14,100,B,lam_dev,31.622776601683793,0.8480907723061997,0.030461648175195477,0.005379307824838335,0.004537203553061423,0.9910196164101924,2.9081281598023927
DS03,14,100,D,L_curve,0.001,0.7122738944268061,0.04192286491167201,0.005818664031758656,0.0014080268723612613,0.947408954811313,2.9081281598023927
DS03,14,100,D,Morozov_tau1.0,1e-06,0.7120550347511705,0.041938806253649215,0.005818673902305296,0.0014080807237431972,0.9474036530617432,2.9081281598023927
DS03,14,100,D,Morozov_tau1.5,1e-06,0.7120550347511705,0.041938806253649215,0.005818673902305296,0.0014080807237431972,0.9474036530617432,2.9081281598023927
DS03,14,100,D,Morozov_tau2.0,100.0,0.8292633990254376,0.03229420780633878,0.002427443001217183,0.0028866917377523703,0.9943976436845926,2.9081281598023927
DS03,14,100,D,Morozov_tau3.0,316.22776601683796,0.7522371208263589,0.03890267271487385,0.0028366522874038406,0.0044840683021472524,0.9949802266736594,2.9081281598023927
DS03,14,100,D,oracle,0.31622776601683794,0.9494744244417205,0.017567782851068872,0.005806889896255001,0.0013127263858158753,0.9816102766438055,2.9081281598023927
DS03,14,100,D,lam_dev,0.1,0.9237577335834197,0.021580386516358834,0.00581448913552665,0.0013476837990118392,0.9745951229666859,2.9081281598023927
DS03,14,1000,B,L_curve,1.0,0.8284847208393336,0.03236776610745887,0.01114950621303135,0.004566773593542513,0.9758501843421931,0.9196308712649686
DS03,14,1000,B,Morozov_tau1.0,1e-06,-8.194372868957466,0.23698582826427309,0.2636599256453783,0.004813725201623502,0.16763640195515228,0.9196308712649686
DS03,14,1000,B,Morozov_tau1.5,1e-06,-8.194372868957466,0.23698582826427309,0.2636599256453783,0.004813725201623502,0.16763640195515228,0.9196308712649686
DS03,14,1000,B,Morozov_tau2.0,0.1,0.1756535666277762,0.07096042395751453,0.06693676023851758,0.004605082155059043,0.618198201194906,0.9196308712649686
DS03,14,1000,B,Morozov_tau3.0,31.622776601683793,0.8501102246095397,0.030258495075771833,0.004578388993469676,0.003857942262449957,0.9926501245372993,0.9196308712649686
DS03,14,1000,B,oracle,10.0,0.853523086616207,0.02991203152166467,0.005869128603847984,0.00414691976382591,0.9906535496790277,0.9196308712649686
DS03,14,1000,B,lam_dev,31.622776601683793,0.8501102246095397,0.030258495075771833,0.004578388993469676,0.003857942262449957,0.9926501245372993,0.9196308712649686
DS03,14,1000,D,L_curve,3.1622776601683795,0.8737548705667881,0.027769536811194803,0.004043905448483321,0.001150545792118582,0.9900434137590882,0.9196308712649686
DS03,14,1000,D,Morozov_tau1.0,1e-06,0.8955504029625377,0.025258915749945626,0.005727069350125303,0.0011883873954396111,0.9727111018662525,0.9196308712649686
DS03,14,1000,D,Morozov_tau1.5,1e-06,0.8955504029625377,0.025258915749945626,0.005727069350125303,0.0011883873954396111,0.9727111018662525,0.9196308712649686
DS03,14,1000,D,Morozov_tau2.0,1e-06,0.8955504029625377,0.025258915749945626,0.005727069350125303,0.0011883873954396111,0.9727111018662525,0.9196308712649686
DS03,14,1000,D,Morozov_tau3.0,1e-06,0.8955504029625377,0.025258915749945626,0.005727069350125303,0.0011883873954396111,0.9727111018662525,0.9196308712649686
DS03,14,1000,D,oracle,0.1,0.9540355790832803,0.016756071946014934,0.005721490994370334,0.0011434610140640263,0.981078068571207,0.9196308712649686
DS03,14,1000,D,lam_dev,0.1,0.9540355790832803,0.016756071946014934,0.005721490994370334,0.0011434610140640263,0.981078068571207,0.9196308712649686
DS03,15,1,B,L_curve,10.0,0.8391529707437105,0.0314200189689979,0.022167015295147058,0.019110876905953037,0.9142106059937932,28.94276088878771
DS03,15,1,B,Morozov_tau1.0,1000.0,0.6577762179802816,0.045830544189743735,0.008782741888974089,0.011285156329432467,0.9702085494018413,28.94276088878771
DS03,15,1,B,Morozov_tau1.5,3162.2776601683795,0.43570579954727284,0.058850846525383166,0.006581728185033634,0.008137950121121083,0.9740806641623628,28.94276088878771
DS03,15,1,B,Morozov_tau2.0,10000.0,0.21469356205237966,0.0694255772939964,0.005556066484729352,0.0048188313211059465,0.9760433230924415,28.94276088878771
DS03,15,1,B,Morozov_tau3.0,10000.0,0.21469356205237966,0.0694255772939964,0.005556066484729352,0.0048188313211059465,0.9760433230924415,28.94276088878771
DS03,15,1,B,oracle,100.0,0.8781211908842478,0.02735042138463649,0.01604708063323056,0.014348862982467932,0.9482491314373761,28.94276088878771
DS03,15,1,B,lam_dev,100.0,0.8781211908842478,0.02735042138463649,0.01604708063323056,0.014348862982467932,0.9482491314373761,28.94276088878771
DS03,15,1,D,L_curve,0.01,-0.49084834707681635,0.09565697764537529,0.007854827708415519,0.003175351617758988,0.9880292137389436,28.94276088878771
DS03,15,1,D,Morozov_tau1.0,1000.0,0.6747008246524875,0.044682905157679906,0.0035533621165061468,0.006364718132297215,0.9880393881959124,28.94276088878771
DS03,15,1,D,Morozov_tau1.5,3162.2776601683795,0.44336051966427326,0.05845032412405199,0.0041771328675354,0.00525637898070497,0.9888045199372649,28.94276088878771
DS03,15,1,D,Morozov_tau2.0,10000.0,0.21790980243335034,0.06928326441753391,0.004692018862586573,0.003349170309380832,0.9887122824384672,28.94276088878771
DS03,15,1,D,Morozov_tau3.0,10000.0,0.21790980243335034,0.06928326441753391,0.004692018862586573,0.003349170309380832,0.9887122824384672,28.94276088878771
DS03,15,1,D,oracle,31.622776601683793,0.9613255055945831,0.015406792845717384,0.00404078493426397,0.003002516435700278,0.982013308773601,28.94276088878771
DS03,15,1,D,lam_dev,3.1622776601683795,0.8780373486680649,0.027359827144862382,0.007824727727316258,0.0028755835902014803,0.9709679715883047,28.94276088878771
DS03,15,10,B,L_curve,3.1622776601683795,0.9537919386124234,0.016840647870546965,0.013613807682580354,0.009391808615414407,0.9770316078105884,9.152504618220847
DS03,15,10,B,Morozov_tau1.0,316.22776601683796,0.8503696263018107,0.030304686882574493,0.005139847722370112,0.00911894764313657,0.9937175216135508,9.152504618220847
DS03,15,10,B,Morozov_tau1.5,316.22776601683796,0.8503696263018107,0.030304686882574493,0.005139847722370112,0.00911894764313657,0.9937175216135508,9.152504618220847
DS03,15,10,B,Morozov_tau2.0,1000.0,0.6809350228157931,0.044252670966058255,0.004548735809729706,0.008818482697311395,0.9947835198229288,9.152504618220847
DS03,15,10,B,Morozov_tau3.0,3162.2776601683795,0.4497568568243624,0.058113527833988966,0.004590877286795944,0.006909821851818663,0.9952855946288789,9.152504618220847
DS03,15,10,B,oracle,31.622776601683793,0.9682562070831019,0.013958197192863214,0.008925817195190863,0.008431226396087363,0.9890666047949241,9.152504618220847
DS03,15,10,B,lam_dev,31.622776601683793,0.9682562070831019,0.013958197192863214,0.008925817195190863,0.008431226396087363,0.9890666047949241,9.152504618220847
DS03,15,10,D,L_curve,0.01,-0.5489442697002567,0.09750296375922762,0.005713214788412925,0.0020358064845594,0.9958983063803053,9.152504618220847
DS03,15,10,D,Morozov_tau1.0,1e-06,-0.5490642554775131,0.09750674011922003,0.0057133646332891445,0.002034993273262687,0.9958982881240543,9.152504618220847
DS03,15,10,D,Morozov_tau1.5,316.22776601683796,0.8659172408836309,0.028687082996290296,0.0031744202049271944,0.005593575003338099,0.9960828307340819,9.152504618220847
DS03,15,10,D,Morozov_tau2.0,1000.0,0.6889168791401681,0.04369564399421208,0.003719713387057481,0.006381439751886973,0.9965043146448211,9.152504618220847
DS03,15,10,D,Morozov_tau3.0,1000.0,0.6889168791401681,0.04369564399421208,0.003719713387057481,0.006381439751886973,0.9965043146448211,9.152504618220847
DS03,15,10,D,oracle,31.622776601683793,0.9858853887362683,0.00930752864744061,0.002902955219415959,0.0021895184225523383,0.9946394086506635,9.152504618220847
DS03,15,10,D,lam_dev,1.0,0.8898867162064416,0.025996793112122166,0.004774747653374058,0.001763011003844445,0.992426681317829,9.152504618220847
DS03,15,100,B,L_curve,3.1622776601683795,0.9814155407294088,0.010680089338272046,0.008593438775696934,0.005884918314863291,0.9908825051635652,2.894276088878771
DS03,15,100,B,Morozov_tau1.0,31.622776601683793,0.9787016513660857,0.01143333389583617,0.006051650084463403,0.005781459690178705,0.9950515298436556,2.894276088878771
DS03,15,100,B,Morozov_tau1.5,100.0,0.946512658253155,0.018118632992096127,0.004804764715532014,0.006472727992386177,0.9961674427661372,2.894276088878771
DS03,15,100,B,Morozov_tau2.0,100.0,0.946512658253155,0.018118632992096127,0.004804764715532014,0.006472727992386177,0.9961674427661372,2.894276088878771
DS03,15,100,B,Morozov_tau3.0,316.22776601683796,0.8501030117774454,0.030331673628485538,0.0040325782096356875,0.00780433519646311,0.9970296129768448,2.894276088878771
DS03,15,100,B,oracle,10.0,0.9841849813005873,0.00985223530425321,0.007152438562936678,0.005768209827493948,0.9938824377226064,2.894276088878771
DS03,15,100,B,lam_dev,31.622776601683793,0.9787016513660857,0.01143333389583617,0.006051650084463403,0.005781459690178705,0.9950515298436556,2.894276088878771
DS03,15,100,D,L_curve,0.0031622776601683794,-0.505971394792395,0.09614092187669825,0.005067648125164666,0.00145288607557953,0.9967029909801783,2.894276088878771
DS03,15,100,D,Morozov_tau1.0,1e-06,-0.506007809192353,0.09614208421378874,0.005067735907851628,0.0014526440636030281,0.9967029570136907,2.894276088878771
DS03,15,100,D,Morozov_tau1.5,1e-06,-0.506007809192353,0.09614208421378874,0.005067735907851628,0.0014526440636030281,0.9967029570136907,2.894276088878771
DS03,15,100,D,Morozov_tau2.0,10.0,0.9902449891313349,0.007737734066147493,0.002653735243562152,0.0014032230293048332,0.9950554981077184,2.894276088878771
DS03,15,100,D,Morozov_tau3.0,316.22776601683796,0.8625562517044172,0.02904440045677266,0.0032604671973041717,0.005337941367287383,0.9970589981647268,2.894276088878771
DS03,15,100,D,oracle,10.0,0.9902449891313349,0.007737734066147493,0.002653735243562152,0.0014032230293048332,0.9950554981077184,2.894276088878771
DS03,15,100,D,lam_dev,0.1,0.18066573961079113,0.07091375432013754,0.005066498896728182,0.001383517173147187,0.9777825573825446,2.894276088878771
DS03,15,1000,B,L_curve,3.1622776601683795,0.9832481717590714,0.01013983823442166,0.0072588837562771276,0.00550487616570854,0.9916824326117295,0.9152504618220849
DS03,15,1000,B,Morozov_tau1.0,1e-06,-30.487911433469748,0.43961433794181376,0.2822798730258897,0.006476317980801761,0.20303583202278822,0.9152504618220849
DS03,15,1000,B,Morozov_tau1.5,1e-06,-30.487911433469748,0.43961433794181376,0.2822798730258897,0.006476317980801761,0.20303583202278822,0.9152504618220849
DS03,15,1000,B,Morozov_tau2.0,0.1,-1.0162364966432915,0.11124247856834897,0.07166024459913843,0.005648008135646399,0.550106621390744,0.9152504618220849
DS03,15,1000,B,Morozov_tau3.0,31.622776601683793,0.9804573376439645,0.010951958391066283,0.005358566532143158,0.005534390994087647,0.9960506706040704,0.9152504618220849
DS03,15,1000,B,oracle,10.0,0.9862865076948026,0.0091743214821421,0.00620005772905887,0.005424906331599114,0.9950202392795623,0.9152504618220849
DS03,15,1000,B,lam_dev,31.622776601683793,0.9804573376439645,0.010951958391066283,0.005358566532143158,0.005534390994087647,0.9960506706040704,0.9152504618220849
DS03,15,1000,D,L_curve,0.0031622776601683794,-0.5046263917969296,0.09609797992131372,0.005205059015307587,0.0013662504303229926,0.9969768764640885,0.9152504618220849
DS03,15,1000,D,Morozov_tau1.0,1e-06,-0.5046631870795906,0.09609915494081896,0.005205124975841887,0.001366006555019981,0.9969768429085484,0.9152504618220849
DS03,15,1000,D,Morozov_tau1.5,1e-06,-0.5046631870795906,0.09609915494081896,0.005205124975841887,0.001366006555019981,0.9969768429085484,0.9152504618220849
DS03,15,1000,D,Morozov_tau2.0,1e-06,-0.5046631870795906,0.09609915494081896,0.005205124975841887,0.001366006555019981,0.9969768429085484,0.9152504618220849
DS03,15,1000,D,Morozov_tau3.0,1e-06,-0.5046631870795906,0.09609915494081896,0.005205124975841887,0.001366006555019981,0.9969768429085484,0.9152504618220849
DS03,15,1000,D,oracle,10.0,0.9922907518458276,0.006878693102599603,0.002687268794322023,0.0013405574085232884,0.9962309491075407,0.9152504618220849
DS03,15,1000,D,lam_dev,0.1,0.08405259671385867,0.07497823083161805,0.005203975038813473,0.0013054154184866783,0.9690413056026826,0.9152504618220849
